"Title","Season_Num","Episode_Num.Season","Episode_Num.All","Airdate","Guest","Guest1","Guest2","Cooccurrence_Count","Cooccurrence_Prob.exact","Cooccurrence_Prob.leq","Cooccurrence_Prob.geq","Cooccurrence_Prob.extreme","Cooccurrence_Prob.extreme.type"
"""Adam""",1,"1","1","9/11/03","Danny Baker","Danny Baker","Hugh Laurie",1,0.032258064516129,1,0.032258064516129,0.032258064516129,"greater"
"""Adam""",1,"1","1","9/11/03","Hugh Laurie","Hugh Laurie","John Sessions",1,0.0404858299595142,1,0.0404858299595142,0.0404858299595142,"greater"
"""Adam""",1,"1","1","9/11/03","John Sessions","John Sessions","Danny Baker",1,0.251293389712004,0.962767799334115,0.288525590377889,0.288525590377889,"greater"
"""Astronomy""",1,"2","2","9/18/03","Bill Bailey","Bill Bailey","Rich Hall",5,0.145943354170012,0.88566256959823,0.260280784571783,0.260280784571783,"greater"
"""Astronomy""",1,"2","2","9/18/03","Rich Hall","Rich Hall","Jeremy Hardy",1,0.296169841696149,0.948669024182977,0.347500817513172,0.347500817513172,"greater"
"""Astronomy""",1,"2","2","9/18/03","Jeremy Hardy","Jeremy Hardy","Bill Bailey",1,0.361499414897537,0.903748537243845,0.457750877653692,0.457750877653692,"greater"
"""Aquatic Animals""",1,"3","3","9/25/03","Clive Anderson","Clive Anderson","Bill Bailey",1,0.243681167311328,0.333030928658816,0.910650238652512,0.333030928658816,"less"
"""Aquatic Animals""",1,"3","3","9/25/03","Bill Bailey","Bill Bailey","Meera Syal",1,0.140127388535035,1,0.140127388535035,0.140127388535035,"greater"
"""Aquatic Animals""",1,"3","3","9/25/03","Meera Syal","Meera Syal","Clive Anderson",1,0.0613496932515337,1,0.0613496932515337,0.0613496932515337,"greater"
"""Atoms""",1,"4","4","10/2/03","Jo Brand","Jo Brand","Howard Goodall",2,0.0204410679638184,1,0.0204410679638184,0.0204410679638184,"greater"
"""Atoms""",1,"4","4","10/2/03","Howard Goodall","Howard Goodall","Jeremy Hardy",1,0.0316770486262012,0.999806847264474,0.0318702013617268,0.0318702013617268,"greater"
"""Atoms""",1,"4","4","10/2/03","Jeremy Hardy","Jeremy Hardy","Jo Brand",2,0.0918234113117866,0.989802360169699,0.102021051142087,0.102021051142087,"greater"
"""Advertising""",1,"5","5","10/9/03","Gyles Brandreth","Gyles Brandreth","Rob Brydon",1,0.115868127429697,0.99646589589539,0.119402231534306,0.119402231534306,"greater"
"""Advertising""",1,"5","5","10/9/03","Rob Brydon","Rob Brydon","Rich Hall",3,0.135466073345509,0.946211590724282,0.189254482621227,0.189254482621227,"greater"
"""Advertising""",1,"5","5","10/9/03","Rich Hall","Rich Hall","Gyles Brandreth",1,0.181094110249424,0.990358415426535,0.190735694822888,0.190735694822888,"greater"
"""Antidotes""",1,"6","6","10/16/03","Danny Baker","Danny Baker","Jo Brand",2,0.236311659091758,0.904266692429814,0.332044966661945,0.332044966661945,"greater"
"""Antidotes""",1,"6","6","10/16/03","Jo Brand","Jo Brand","Howard Goodall",2,0.0204410679638184,1,0.0204410679638184,0.0204410679638184,"greater"
"""Antidotes""",1,"6","6","10/16/03","Howard Goodall","Howard Goodall","Danny Baker",1,0.0628107825176655,0.999084009421617,0.0637267730960482,0.0637267730960482,"greater"
"""Arthropods""",1,"7","7","10/23/03","Jo Brand","Jo Brand","Jimmy Carr",7,0.0663204750423038,0.960107687879252,0.106212787163052,0.106212787163052,"greater"
"""Arthropods""",1,"7","7","10/23/03","Jimmy Carr","Jimmy Carr","Jackie Clune",1,0.117647058823529,1,0.117647058823529,0.117647058823529,"greater"
"""Arthropods""",1,"7","7","10/23/03","Jackie Clune","Jackie Clune","Jo Brand",1,0.14468085106383,1,0.14468085106383,0.14468085106383,"greater"
"""Albania""",1,"8","8","10/30/03","Clive Anderson","Clive Anderson","Sean Lock",2,0.291918151314999,0.773602348335384,0.518315802979615,0.518315802979615,"greater"
"""Albania""",1,"8","8","10/30/03","Sean Lock","Sean Lock","Linda Smith",2,0.0309842310517272,0.998836273012142,0.0321479580395855,0.0321479580395855,"greater"
"""Albania""",1,"8","8","10/30/03","Linda Smith","Linda Smith","Clive Anderson",1,0.164044786950153,0.989736881265926,0.174307905684227,0.174307905684227,"greater"
"""Africa""",1,"9","9","11/6/03","Jo Brand","Jo Brand","Dave Gorman",1,0.249009373377423,0.979558932036182,0.269450441341241,0.269450441341241,"greater"
"""Africa""",1,"9","9","11/6/03","Dave Gorman","Dave Gorman","Jeremy Hardy",1,0.0316770486262012,0.999806847264474,0.0318702013617268,0.0318702013617268,"greater"
"""Africa""",1,"9","9","11/6/03","Jeremy Hardy","Jeremy Hardy","Jo Brand",2,0.0918234113117866,0.989802360169699,0.102021051142087,0.102021051142087,"greater"
"""Aviation""",1,"10","10","11/13/03","Rich Hall","Rich Hall","Julia Morris",1,0.1,1,0.1,0.1,"greater"
"""Aviation""",1,"10","10","11/13/03","Julia Morris","Julia Morris","Peter Serafinowicz",1,0.00397614314115308,1,0.00397614314115308,0.00397614314115308,"greater"
"""Aviation""",1,"10","10","11/13/03","Peter Serafinowicz","Peter Serafinowicz","Rich Hall",1,0.1,1,0.1,0.1,"greater"
"""Arts""",1,"11","11","11/20/03","Bill Bailey","Bill Bailey","Richard E. Grant",1,0.140127388535035,1,0.140127388535035,0.140127388535035,"greater"
"""Arts""",1,"11","11","11/20/03","Richard E. Grant","Richard E. Grant","Linda Smith",1,0.0119760479041916,1,0.0119760479041916,0.0119760479041916,"greater"
"""Arts""",1,"11","11","11/20/03","Linda Smith","Linda Smith","Bill Bailey",1,0.314220407363105,0.94742213735239,0.366798270010715,0.366798270010715,"greater"
"""Advent""(Christmas Special)",1,"12","12","12/23/03","Phill Jupitus","Phill Jupitus","Sean Lock",3,0.229589684498263,0.476104504763313,0.75348517973495,0.476104504763313,"less"
"""Advent""(Christmas Special)",1,"12","12","12/23/03","Sean Lock","Sean Lock","John Sessions",1,0.393129894270085,0.694781486219631,0.698348408050454,0.694781486219631,"less"
"""Advent""(Christmas Special)",1,"12","12","12/23/03","John Sessions","John Sessions","Phill Jupitus",2,0.267566561618001,0.855062173256668,0.412504388361333,0.412504388361333,"greater"
"""Blue""",2,"1","13","10/8/04","Bill Bailey","Bill Bailey","Jo Brand",4,0.189298435882708,0.398146972394999,0.791151463487709,0.398146972394999,"less"
"""Blue""",2,"1","13","10/8/04","Jo Brand","Jo Brand","Sean Lock",7,0.0486029222842318,0.975211772838323,0.073391149445909,0.073391149445909,"greater"
"""Blue""",2,"1","13","10/8/04","Sean Lock","Sean Lock","Bill Bailey",5,0.168568236218136,0.841442043514453,0.327126192703682,0.327126192703682,"greater"
"""Birds""",2,"2","14","10/8/04","Jo Brand","Jo Brand","Rich Hall",5,0.154859106347028,0.870354358848032,0.284504747498996,0.284504747498996,"greater"
"""Birds""",2,"2","14","10/8/04","Rich Hall","Rich Hall","Phil Kay",1,0.181094110249424,0.990358415426535,0.190735694822888,0.190735694822888,"greater"
"""Birds""",2,"2","14","10/8/04","Phil Kay","Phil Kay","Jo Brand",1,0.249009373377419,0.979558932036181,0.269450441341238,0.269450441341238,"greater"
"""Bombs""",2,"3","15","10/15/04","Clive Anderson","Clive Anderson","Rich Hall",3,0.135466073345509,0.946211590724282,0.189254482621227,0.189254482621227,"greater"
"""Bombs""",2,"3","15","10/15/04","Rich Hall","Rich Hall","Phill Jupitus",6,0.0660192233977636,0.965879694369479,0.100139529028284,0.100139529028284,"greater"
"""Bombs""",2,"3","15","10/15/04","Phill Jupitus","Phill Jupitus","Clive Anderson",3,0.209683337329917,0.862015976480468,0.347667360849448,0.347667360849448,"greater"
"""Bible""",2,"4","16","10/22/04","Jeremy Clarkson","Jeremy Clarkson","Barry Cryer",1,0.0487804878048781,1,0.0487804878048781,0.0487804878048781,"greater"
"""Bible""",2,"4","16","10/22/04","Barry Cryer","Barry Cryer","Jeremy Hardy",1,0.016,1,0.016,0.016,"greater"
"""Bible""",2,"4","16","10/22/04","Jeremy Hardy","Jeremy Hardy","Jeremy Clarkson",1,0.170801591110769,0.987446698609134,0.183354892501635,0.183354892501635,"greater"
"""Bears""",2,"5","17","10/29/04","Bill Bailey","Bill Bailey","Jo Brand",4,0.189298435882708,0.398146972394999,0.791151463487709,0.398146972394999,"less"
"""Bears""",2,"5","17","10/29/04","Jo Brand","Jo Brand","Jimmy Carr",7,0.0663204750423038,0.960107687879252,0.106212787163052,0.106212787163052,"greater"
"""Bears""",2,"5","17","10/29/04","Jimmy Carr","Jimmy Carr","Bill Bailey",5,0.186774667492745,0.789981386296914,0.396793281195832,0.396793281195832,"greater"
"""Beavers""",2,"6","18","11/5/04","Bill Bailey","Bill Bailey","Sean Lock",5,0.168568236218135,0.841442043514454,0.327126192703681,0.327126192703681,"greater"
"""Beavers""",2,"6","18","11/5/04","Sean Lock","Sean Lock","Anneka Rice",1,0.108786610878661,1,0.108786610878661,0.108786610878661,"greater"
"""Beavers""",2,"6","18","11/5/04","Anneka Rice","Anneka Rice","Bill Bailey",1,0.140127388535033,1,0.140127388535033,0.140127388535033,"greater"
"""Biscuits""",2,"7","19","11/12/04","Rich Hall","Rich Hall","Dara O'Briain",2,0.270584268834705,0.838530048110607,0.432054220724098,0.432054220724098,"greater"
"""Biscuits""",2,"7","19","11/12/04","Dara O'Briain","Dara O'Briain","Arthur Smith",1,0.154173543204042,0.991115634883129,0.163057908320913,0.163057908320913,"greater"
"""Biscuits""",2,"7","19","11/12/04","Arthur Smith","Arthur Smith","Rich Hall",1,0.245748560163719,0.972754717314722,0.272993842848997,0.272993842848997,"greater"
"""Bees""",2,"8","20","11/19/04","Jo Brand","Jo Brand","Rich Hall",5,0.154859106347028,0.870354358848032,0.284504747498996,0.284504747498996,"greater"
"""Bees""",2,"8","20","11/19/04","Rich Hall","Rich Hall","Fred MacAulay",1,0.181094110249424,0.990358415426535,0.190735694822888,0.190735694822888,"greater"
"""Bees""",2,"8","20","11/19/04","Fred MacAulay","Fred MacAulay","Jo Brand",1,0.249009373377419,0.979558932036181,0.269450441341238,0.269450441341238,"greater"
"""Bats""",2,"9","21","11/26/04","Rich Hall","Rich Hall","Josie Lawrence",1,0.1,1,0.1,0.1,"greater"
"""Bats""",2,"9","21","11/26/04","Josie Lawrence","Josie Lawrence","John Sessions",1,0.0404858299595142,1,0.0404858299595142,0.0404858299595142,"greater"
"""Bats""",2,"9","21","11/26/04","John Sessions","John Sessions","Rich Hall",1,0.396062808117834,0.730240802467257,0.665822005650577,0.665822005650577,"greater"
"""Bills""",2,"10","22","12/3/04","Clive Anderson","Clive Anderson","Phil Kay",1,0.115868127429697,0.99646589589539,0.119402231534306,0.119402231534306,"greater"
"""Bills""",2,"10","22","12/3/04","Phil Kay","Phil Kay","John Sessions",1,0.078161715600188,0.998515916792401,0.0796457988077865,0.0796457988077865,"greater"
"""Bills""",2,"10","22","12/3/04","John Sessions","John Sessions","Clive Anderson",2,0.104187166156947,0.981840008688564,0.122347157468383,0.122347157468383,"greater"
"""Beats""",2,"11","23","12/10/04","Mark Gatiss","Mark Gatiss","Sean Lock",1,0.108786610878661,1,0.108786610878661,0.108786610878661,"greater"
"""Beats""",2,"11","23","12/10/04","Sean Lock","Sean Lock","Linda Smith",2,0.0309842310517272,0.998836273012142,0.0321479580395855,0.0321479580395855,"greater"
"""Beats""",2,"11","23","12/10/04","Linda Smith","Linda Smith","Mark Gatiss",1,0.0119760479041916,1,0.0119760479041916,0.0119760479041916,"greater"
"""Birth""(Christmas Special)",2,"12","24","12/17/04","Rich Hall","Rich Hall","Phill Jupitus",6,0.0660192233977636,0.965879694369479,0.100139529028284,0.100139529028284,"greater"
"""Birth""(Christmas Special)",2,"12","24","12/17/04","Phill Jupitus","Phill Jupitus","Mark Steel",1,0.30728190613713,0.950653397111747,0.356628509025383,0.356628509025383,"greater"
"""Birth""(Christmas Special)",2,"12","24","12/17/04","Mark Steel","Mark Steel","Rich Hall",1,0.245748560163719,0.972754717314722,0.272993842848997,0.272993842848997,"greater"
"""Campanology""",3,"1","25","9/30/05","Bill Bailey","Bill Bailey","Rob Brydon",3,0.217173242658773,0.848480572835282,0.368692669823491,0.368692669823491,"greater"
"""Campanology""",3,"1","25","9/30/05","Rob Brydon","Rob Brydon","Rich Hall",3,0.135466073345509,0.946211590724282,0.189254482621227,0.189254482621227,"greater"
"""Campanology""",3,"1","25","9/30/05","Rich Hall","Rich Hall","Bill Bailey",5,0.145943354170012,0.88566256959823,0.260280784571782,0.260280784571782,"greater"
"""Cummingtonite""",3,"2","26","9/30/05","Andy Hamilton","Andy Hamilton","Doon Mackichan",1,0.0550803968525488,0.99931577146767,0.0557646253848785,0.0557646253848785,"greater"
"""Cummingtonite""",3,"2","26","9/30/05","Doon Mackichan","Doon Mackichan","Arthur Smith",1,0.0238072335513659,0.999903809157368,0.0239034243939977,0.0239034243939977,"greater"
"""Cummingtonite""",3,"2","26","9/30/05","Arthur Smith","Arthur Smith","Andy Hamilton",1,0.0807603399291327,0.997967057695711,0.0827932822334219,0.0827932822334219,"greater"
"""Common Knowledge""",3,"3","27","10/7/05","Jimmy Carr","Jimmy Carr","Sean Lock",3,0.250671524260279,0.597055324509321,0.653616199750958,0.597055324509321,"less"
"""Common Knowledge""",3,"3","27","10/7/05","Sean Lock","Sean Lock","Rory McGrath",1,0.195084147211385,0.988551399811538,0.206532747399847,0.206532747399847,"greater"
"""Common Knowledge""",3,"3","27","10/7/05","Rory McGrath","Rory McGrath","Jimmy Carr",1,0.2088772845953,0.986572174561731,0.22230511003357,0.22230511003357,"greater"
"""Cheating""",3,"4","28","10/14/05","Alexander Armstrong","Alexander Armstrong","Jeremy Clarkson",1,0.0487804878048781,1,0.0487804878048781,0.0487804878048781,"greater"
"""Cheating""",3,"4","28","10/14/05","Jeremy Clarkson","Jeremy Clarkson","John Sessions",1,0.323727265919042,0.918576117045282,0.40515114887376,0.40515114887376,"greater"
"""Cheating""",3,"4","28","10/14/05","John Sessions","John Sessions","Alexander Armstrong",1,0.0404858299595142,1,0.0404858299595142,0.0404858299595142,"greater"
"""Cat's Eyes""",3,"5","29","10/21/05","Jo Brand","Jo Brand","Rich Hall",5,0.154859106347028,0.870354358848032,0.284504747498996,0.284504747498996,"greater"
"""Cat's Eyes""",3,"5","29","10/21/05","Rich Hall","Rich Hall","Sean Lock",4,0.165480358074688,0.88314031381152,0.282340044263169,0.282340044263169,"greater"
"""Cat's Eyes""",3,"5","29","10/21/05","Sean Lock","Sean Lock","Jo Brand",7,0.0486029222842321,0.975211772838322,0.0733911494459095,0.0733911494459095,"greater"
"""Cockneys""",3,"6","30","10/28/05","Bill Bailey","Bill Bailey","Phill Jupitus",3,0.151877628152755,0.258166246872953,0.893711381279802,0.258166246872953,"less"
"""Cockneys""",3,"6","30","10/28/05","Phill Jupitus","Phill Jupitus","Rory McGrath",1,0.235846670761226,0.982080277466671,0.253766393294555,0.253766393294555,"greater"
"""Cockneys""",3,"6","30","10/28/05","Rory McGrath","Rory McGrath","Bill Bailey",1,0.242455577022507,0.980843016136494,0.261612560886014,0.261612560886014,"greater"
"""Constellations""",3,"7","31","11/4/05","Jeremy Clarkson","Jeremy Clarkson","Rich Hall",1,0.382858160431056,0.648067198646319,0.734790961784737,0.648067198646319,"less"
"""Constellations""",3,"7","31","11/4/05","Rich Hall","Rich Hall","Sean Lock",4,0.165480358074688,0.88314031381152,0.282340044263169,0.282340044263169,"greater"
"""Constellations""",3,"7","31","11/4/05","Sean Lock","Sean Lock","Jeremy Clarkson",1,0.371952595345052,0.606211201067176,0.765741394277876,0.606211201067176,"less"
"""Corby""",3,"8","32","11/11/05","Bill Bailey","Bill Bailey","Phill Jupitus",3,0.151877628152755,0.258166246872953,0.893711381279802,0.258166246872953,"less"
"""Corby""",3,"8","32","11/11/05","Phill Jupitus","Phill Jupitus","David Mitchell",4,0.206557484686233,0.792845986619794,0.413711498066439,0.413711498066439,"greater"
"""Corby""",3,"8","32","11/11/05","David Mitchell","David Mitchell","Bill Bailey",3,0.24649680241808,0.558893311465547,0.687603490952532,0.558893311465547,"less"
"""Creatures""",3,"9","33","11/18/05","Helen Atkinson-Wood","Helen Atkinson-Wood","Bill Bailey",1,0.140127388535033,1,0.140127388535033,0.140127388535033,"greater"
"""Creatures""",3,"9","33","11/18/05","Bill Bailey","Bill Bailey","Andy Hamilton",1,0.40309265875064,0.740748197574221,0.662344461176419,0.662344461176419,"greater"
"""Creatures""",3,"9","33","11/18/05","Andy Hamilton","Andy Hamilton","Helen Atkinson-Wood",1,0.028169014084507,1,0.028169014084507,0.028169014084507,"greater"
"""Cleve Crudgington""",3,"10","34","11/25/05","Clive Anderson","Clive Anderson","John Sessions",2,0.104187166156947,0.981840008688564,0.122347157468383,0.122347157468383,"greater"
"""Cleve Crudgington""",3,"10","34","11/25/05","John Sessions","John Sessions","Mark Steel",1,0.113139494011747,0.99562754730337,0.117511946708376,0.117511946708376,"greater"
"""Cleve Crudgington""",3,"10","34","11/25/05","Mark Steel","Mark Steel","Clive Anderson",1,0.164044786950153,0.989736881265926,0.174307905684227,0.174307905684227,"greater"
"""Carnival""",3,"11","35","12/2/05","Clive Anderson","Clive Anderson","Jo Brand",2,0.295780049654655,0.610201699077465,0.685578350577191,0.610201699077465,"less"
"""Carnival""",3,"11","35","12/2/05","Jo Brand","Jo Brand","Phill Jupitus",7,0.106311359252724,0.912419056640807,0.193892302611917,0.193892302611917,"greater"
"""Carnival""",3,"11","35","12/2/05","Phill Jupitus","Phill Jupitus","Clive Anderson",3,0.209683337329917,0.862015976480468,0.347667360849448,0.347667360849448,"greater"
"""Combustion""",3,"12","36","12/9/05","Bill Bailey","Bill Bailey","Phill Jupitus",3,0.151877628152755,0.258166246872953,0.893711381279802,0.258166246872953,"less"
"""Combustion""",3,"12","36","12/9/05","Phill Jupitus","Phill Jupitus","Dara O'Briain",3,0.193219399519581,0.888576173524682,0.304643225994899,0.304643225994899,"greater"
"""Combustion""",3,"12","36","12/9/05","Dara O'Briain","Dara O'Briain","Bill Bailey",1,0.267833260368083,0.373923058306088,0.893910202061995,0.373923058306088,"less"
"""Danger""",4,"1","37","9/29/06","Jo Brand","Jo Brand","Jimmy Carr",7,0.0663204750423038,0.960107687879252,0.106212787163052,0.106212787163052,"greater"
"""Danger""",4,"1","37","9/29/06","Jimmy Carr","Jimmy Carr","Sean Lock",3,0.250671524260279,0.597055324509321,0.653616199750958,0.597055324509321,"less"
"""Danger""",4,"1","37","9/29/06","Sean Lock","Sean Lock","Jo Brand",7,0.0486029222842321,0.975211772838322,0.0733911494459095,0.0733911494459095,"greater"
"""Discoveries""",4,"2","38","9/29/06","Clive Anderson","Clive Anderson","Vic Reeves",3,0.000727209148168864,0.999990493998063,0.000736715150105712,0.000736715150105712,"greater"
"""Discoveries""",4,"2","38","9/29/06","Vic Reeves","Vic Reeves","Arthur Smith",1,0.0470315934750672,0.999421361345178,0.0476102321298887,0.0476102321298887,"greater"
"""Discoveries""",4,"2","38","9/29/06","Arthur Smith","Arthur Smith","Clive Anderson",1,0.164044786950153,0.989736881265926,0.174307905684227,0.174307905684227,"greater"
"""Dogs""",4,"3","39","10/6/06","Jeremy Clarkson","Jeremy Clarkson","Neil Mullarkey",1,0.0487804878048781,1,0.0487804878048781,0.0487804878048781,"greater"
"""Dogs""",4,"3","39","10/6/06","Neil Mullarkey","Neil Mullarkey","Liza Tarbuck",1,0.016,1,0.016,0.016,"greater"
"""Dogs""",4,"3","39","10/6/06","Liza Tarbuck","Liza Tarbuck","Jeremy Clarkson",1,0.170801591110769,0.987446698609134,0.183354892501635,0.183354892501635,"greater"
"""Dictionaries""",4,"4","40","10/13/06","Ronni Ancona","Ronni Ancona","Rory Bremner",1,0.0240963855421687,1,0.0240963855421687,0.0240963855421687,"greater"
"""Dictionaries""",4,"4","40","10/13/06","Rory Bremner","Rory Bremner","Phill Jupitus",1,0.135593220338981,1,0.135593220338981,0.135593220338981,"greater"
"""Dictionaries""",4,"4","40","10/13/06","Phill Jupitus","Phill Jupitus","Ronni Ancona",2,0.156421570413189,0.965051708914109,0.191369861499079,0.191369861499079,"greater"
"""Death""(Hallowe'en Special)",4,"5","41","10/20/06","Clive Anderson","Clive Anderson","Sean Lock",2,0.291918151314999,0.773602348335384,0.518315802979615,0.518315802979615,"greater"
"""Death""(Hallowe'en Special)",4,"5","41","10/20/06","Sean Lock","Sean Lock","Andy Parsons",1,0.108786610878661,1,0.108786610878661,0.108786610878661,"greater"
"""Death""(Hallowe'en Special)",4,"5","41","10/20/06","Andy Parsons","Andy Parsons","Clive Anderson",1,0.0613496932515337,1,0.0613496932515337,0.0613496932515337,"greater"
"""Drinks""",4,"6","42","10/27/06","Jimmy Carr","Jimmy Carr","Phill Jupitus",4,0.226389643137808,0.633256012414211,0.593133630723597,0.593133630723597,"greater"
"""Drinks""",4,"6","42","10/27/06","Phill Jupitus","Phill Jupitus","John Sessions",2,0.267566561618002,0.855062173256668,0.412504388361334,0.412504388361334,"greater"
"""Drinks""",4,"6","42","10/27/06","John Sessions","John Sessions","Jimmy Carr",1,0.387242292043515,0.65900340056691,0.728238891476605,0.65900340056691,"less"
"""Differences""",4,"7","43","11/3/06","Jo Brand","Jo Brand","Julian Clary",1,0.249009373377423,0.979558932036182,0.269450441341241,0.269450441341241,"greater"
"""Differences""",4,"7","43","11/3/06","Julian Clary","Julian Clary","Dara O'Briain",1,0.108406171173814,0.996949609902036,0.111456561271778,0.111456561271778,"greater"
"""Differences""",4,"7","43","11/3/06","Dara O'Briain","Dara O'Briain","Jo Brand",4,0.0957808668068601,0.960951060417249,0.134829806389611,0.134829806389611,"greater"
"""Descendants""(Children in Need Special)",4,"8","44","11/10/06","Rich Hall","Rich Hall","Phill Jupitus",6,0.0660192233977636,0.965879694369479,0.100139529028284,0.100139529028284,"greater"
"""Descendants""(Children in Need Special)",4,"8","44","11/10/06","Phill Jupitus","Phill Jupitus","Jonathan Ross",1,0.135593220338983,1,0.135593220338983,0.135593220338983,"greater"
"""Descendants""(Children in Need Special)",4,"8","44","11/10/06","Jonathan Ross","Jonathan Ross","Rich Hall",1,0.1,1,0.1,0.1,"greater"
"""Doves""",4,"9","45","11/17/06","Andy Hamilton","Andy Hamilton","David Mitchell",1,0.375026733254158,0.860697999611251,0.514328733642907,0.514328733642907,"greater"
"""Doves""",4,"9","45","11/17/06","David Mitchell","David Mitchell","John Sessions",2,0.190908725110684,0.938672294124586,0.252236430986097,0.252236430986097,"greater"
"""Doves""",4,"9","45","11/17/06","John Sessions","John Sessions","Andy Hamilton",1,0.228217332990288,0.971553789015799,0.256663543974489,0.256663543974489,"greater"
"""Divination""",4,"10","46","11/24/06","Graeme Garden","Graeme Garden","Phill Jupitus",1,0.135593220338981,1,0.135593220338981,0.135593220338981,"greater"
"""Divination""",4,"10","46","11/24/06","Phill Jupitus","Phill Jupitus","Johnny Vaughan",1,0.135593220338983,1,0.135593220338983,0.135593220338983,"greater"
"""Divination""",4,"10","46","11/24/06","Johnny Vaughan","Johnny Vaughan","Graeme Garden",1,0.00397614314115308,1,0.00397614314115308,0.00397614314115308,"greater"
"""Denial and Deprivation""",4,"11","47","12/1/06","Roger McGough","Roger McGough","Vic Reeves",1,0.016,1,0.016,0.016,"greater"
"""Denial and Deprivation""",4,"11","47","12/1/06","Vic Reeves","Vic Reeves","Mark Steel",1,0.0470315934750672,0.999421361345178,0.0476102321298887,0.0476102321298887,"greater"
"""Denial and Deprivation""",4,"11","47","12/1/06","Mark Steel","Mark Steel","Roger McGough",1,0.0119760479041916,1,0.0119760479041916,0.0119760479041916,"greater"
"""Domesticity""",4,"12","48","12/8/06","Jo Brand","Jo Brand","Phill Jupitus",7,0.106311359252724,0.912419056640807,0.193892302611917,0.193892302611917,"greater"
"""Domesticity""",4,"12","48","12/8/06","Phill Jupitus","Phill Jupitus","Jessica Stevenson",1,0.135593220338983,1,0.135593220338983,0.135593220338983,"greater"
"""Domesticity""",4,"12","48","12/8/06","Jessica Stevenson","Jessica Stevenson","Jo Brand",1,0.14468085106383,1,0.14468085106383,0.14468085106383,"greater"
"""December""(Christmas Special)",4,"13","49","12/15/06","Jo Brand","Jo Brand","Rich Hall",5,0.154859106347028,0.870354358848032,0.284504747498996,0.284504747498996,"greater"
"""December""(Christmas Special)",4,"13","49","12/15/06","Rich Hall","Rich Hall","Dara O'Briain",2,0.270584268834705,0.838530048110607,0.432054220724098,0.432054220724098,"greater"
"""December""(Christmas Special)",4,"13","49","12/15/06","Dara O'Briain","Dara O'Briain","Jo Brand",4,0.0957808668068601,0.960951060417249,0.134829806389611,0.134829806389611,"greater"
"""Engineering""",5,"1","50","9/21/07","Bill Bailey","Bill Bailey","Rob Brydon",3,0.217173242658773,0.848480572835282,0.368692669823491,0.368692669823491,"greater"
"""Engineering""",5,"1","50","9/21/07","Rob Brydon","Rob Brydon","Jimmy Carr",2,0.298394509033647,0.734500452196711,0.563894056836936,0.563894056836936,"greater"
"""Engineering""",5,"1","50","9/21/07","Jimmy Carr","Jimmy Carr","Bill Bailey",5,0.186774667492745,0.789981386296914,0.396793281195832,0.396793281195832,"greater"
"""Electricity""",5,"2","51","9/21/07","Jo Brand","Jo Brand","Rich Hall",5,0.154859106347028,0.870354358848032,0.284504747498996,0.284504747498996,"greater"
"""Electricity""",5,"2","51","9/21/07","Rich Hall","Rich Hall","Sean Lock",4,0.165480358074688,0.88314031381152,0.282340044263169,0.282340044263169,"greater"
"""Electricity""",5,"2","51","9/21/07","Sean Lock","Sean Lock","Jo Brand",7,0.0486029222842321,0.975211772838322,0.0733911494459095,0.0733911494459095,"greater"
"""Eating""",5,"3","52","9/28/07","Jimmy Carr","Jimmy Carr","Phill Jupitus",4,0.226389643137808,0.633256012414211,0.593133630723597,0.593133630723597,"greater"
"""Eating""",5,"3","52","9/28/07","Phill Jupitus","Phill Jupitus","Johnny Vegas",1,0.397297359995116,0.697598294210175,0.699699065784941,0.697598294210175,"less"
"""Eating""",5,"3","52","9/28/07","Johnny Vegas","Johnny Vegas","Jimmy Carr",2,0.187922524533788,0.943620890801355,0.244301633732433,0.244301633732433,"greater"
"""Exploration""",5,"4","53","10/5/07","Bill Bailey","Bill Bailey","Rich Hall",5,0.145943354170012,0.88566256959823,0.260280784571783,0.260280784571783,"greater"
"""Exploration""",5,"4","53","10/5/07","Rich Hall","Rich Hall","Sean Lock",4,0.165480358074688,0.88314031381152,0.282340044263169,0.282340044263169,"greater"
"""Exploration""",5,"4","53","10/5/07","Sean Lock","Sean Lock","Bill Bailey",5,0.168568236218136,0.841442043514453,0.327126192703682,0.327126192703682,"greater"
"""Europe""",5,"5","54","10/12/07","Phill Jupitus","Phill Jupitus","David Mitchell",4,0.206557484686233,0.792845986619794,0.413711498066439,0.413711498066439,"greater"
"""Europe""",5,"5","54","10/12/07","David Mitchell","David Mitchell","Dara O'Briain",3,0.109728624352044,0.963842977174749,0.145885647177294,0.145885647177294,"greater"
"""Europe""",5,"5","54","10/12/07","Dara O'Briain","Dara O'Briain","Phill Jupitus",3,0.193219399519581,0.888576173524682,0.304643225994899,0.304643225994899,"greater"
"""Everything, Etc.""",5,"6","55","10/19/07","Clive Anderson","Clive Anderson","Jeremy Clarkson",1,0.381094372180827,0.832056045928138,0.549038326252688,0.549038326252688,"greater"
"""Everything, Etc.""",5,"6","55","10/19/07","Jeremy Clarkson","Jeremy Clarkson","Vic Reeves",1,0.170801591110769,0.987446698609134,0.183354892501635,0.183354892501635,"greater"
"""Everything, Etc.""",5,"6","55","10/19/07","Vic Reeves","Vic Reeves","Clive Anderson",3,0.000727209148168864,0.999990493998063,0.000736715150105712,0.000736715150105712,"greater"
"""Espionage""",5,"7","56","10/26/07","Clive Anderson","Clive Anderson","Jo Brand",2,0.295780049654655,0.610201699077465,0.685578350577191,0.610201699077465,"less"
"""Espionage""",5,"7","56","10/26/07","Jo Brand","Jo Brand","Vic Reeves",1,0.367293645247147,0.897978948857912,0.469314696389236,0.469314696389236,"greater"
"""Espionage""",5,"7","56","10/26/07","Vic Reeves","Vic Reeves","Clive Anderson",3,0.000727209148168864,0.999990493998063,0.000736715150105712,0.000736715150105712,"greater"
"""Eyes and Ears""",5,"8","57","11/2/07","Jimmy Carr","Jimmy Carr","Phill Jupitus",4,0.226389643137808,0.633256012414211,0.593133630723597,0.593133630723597,"greater"
"""Eyes and Ears""",5,"8","57","11/2/07","Phill Jupitus","Phill Jupitus","David Mitchell",4,0.206557484686233,0.792845986619794,0.413711498066439,0.413711498066439,"greater"
"""Eyes and Ears""",5,"8","57","11/2/07","David Mitchell","David Mitchell","Jimmy Carr",3,0.252915478122047,0.694704649690729,0.558210828431318,0.558210828431318,"greater"
"""Entertainment""(Children in Need Special)",5,"9","58","11/9/07","Bill Bailey","Bill Bailey","Jo Brand",4,0.189298435882708,0.398146972394999,0.791151463487709,0.398146972394999,"less"
"""Entertainment""(Children in Need Special)",5,"9","58","11/9/07","Jo Brand","Jo Brand","Jeremy Clarkson",1,0.307696680847425,0.446838929907105,0.86085775094032,0.446838929907105,"less"
"""Entertainment""(Children in Need Special)",5,"9","58","11/9/07","Jeremy Clarkson","Jeremy Clarkson","Bill Bailey",3,0.162625892806876,0.925796656015843,0.236829236791033,0.236829236791033,"greater"
"""England""",5,"10","59","11/16/07","Charlie Higson","Charlie Higson","Phill Jupitus",1,0.235846670761224,0.982080277466671,0.253766393294553,0.253766393294553,"greater"
"""England""",5,"10","59","11/16/07","Phill Jupitus","Phill Jupitus","Sean Lock",3,0.229589684498263,0.476104504763313,0.75348517973495,0.476104504763313,"less"
"""England""",5,"10","59","11/16/07","Sean Lock","Sean Lock","Charlie Higson",1,0.195084147211385,0.988551399811538,0.206532747399847,0.206532747399847,"greater"
"""Endings""",5,"11","60","11/23/07","Jimmy Carr","Jimmy Carr","Doon Mackichan",1,0.2088772845953,0.986572174561731,0.222305110033569,0.222305110033569,"greater"
"""Endings""",5,"11","60","11/23/07","Doon Mackichan","Doon Mackichan","Dara O'Briain",1,0.108406171173814,0.996949609902036,0.111456561271778,0.111456561271778,"greater"
"""Endings""",5,"11","60","11/23/07","Dara O'Briain","Dara O'Briain","Jimmy Carr",2,0.29341821913363,0.770421149942183,0.522997069191447,0.522997069191447,"greater"
"""Empire""(Christmas Special)",5,"12","61","12/7/07","Bill Bailey","Bill Bailey","Jo Brand",4,0.189298435882708,0.398146972394999,0.791151463487709,0.398146972394999,"less"
"""Empire""(Christmas Special)",5,"12","61","12/7/07","Jo Brand","Jo Brand","Sean Lock",7,0.0486029222842318,0.975211772838323,0.073391149445909,0.073391149445909,"greater"
"""Empire""(Christmas Special)",5,"12","61","12/7/07","Sean Lock","Sean Lock","Bill Bailey",5,0.168568236218136,0.841442043514453,0.327126192703682,0.327126192703682,"greater"
"""Families""(Children in Need Special)",6,"1","62","11/14/08","Ronni Ancona","Ronni Ancona","David Mitchell",2,0.0922661652069672,0.98699268583453,0.105273479372437,0.105273479372437,"greater"
"""Families""(Children in Need Special)",6,"1","62","11/14/08","David Mitchell","David Mitchell","Sir Terry Wogan",1,0.0956340956340956,1,0.0956340956340956,0.0956340956340956,"greater"
"""Families""(Children in Need Special)",6,"1","62","11/14/08","Sir Terry Wogan","Sir Terry Wogan","Ronni Ancona",1,0.0240963855421687,1,0.0240963855421687,0.0240963855421687,"greater"
"""Fire and Freezing""(Christmas Special)",6,"2","63","12/22/08","Clive Anderson","Clive Anderson","Rob Brydon",1,0.393514597540979,0.758171457928952,0.635343139612026,0.635343139612026,"greater"
"""Fire and Freezing""(Christmas Special)",6,"2","63","12/22/08","Rob Brydon","Rob Brydon","Dom Joly",1,0.0613496932515337,1,0.0613496932515337,0.0613496932515337,"greater"
"""Fire and Freezing""(Christmas Special)",6,"2","63","12/22/08","Dom Joly","Dom Joly","Clive Anderson",1,0.0613496932515337,1,0.0613496932515337,0.0613496932515337,"greater"
"""Flotsam and Jetsam""",6,"3","64","1/9/09","Rob Brydon","Rob Brydon","Andy Hamilton",1,0.302248417661761,0.936970094751458,0.365278322910303,0.365278322910303,"greater"
"""Flotsam and Jetsam""",6,"3","64","1/9/09","Andy Hamilton","Andy Hamilton","Charlie Higson",1,0.0550803968525488,0.99931577146767,0.0557646253848785,0.0557646253848785,"greater"
"""Flotsam and Jetsam""",6,"3","64","1/9/09","Charlie Higson","Charlie Higson","Rob Brydon",1,0.115868127429697,0.99646589589539,0.119402231534306,0.119402231534306,"greater"
"""Fight or Flight""",6,"4","65","1/16/09","Pam Ayres","Pam Ayres","Sean Lock",1,0.108786610878661,1,0.108786610878661,0.108786610878661,"greater"
"""Fight or Flight""",6,"4","65","1/16/09","Sean Lock","Sean Lock","Johnny Vegas",1,0.397169774332062,0.783837463285152,0.61333231104691,0.61333231104691,"greater"
"""Fight or Flight""",6,"4","65","1/16/09","Johnny Vegas","Johnny Vegas","Pam Ayres",1,0.032258064516129,1,0.032258064516129,0.032258064516129,"greater"
"""France""",6,"5","66","1/23/09","Jo Brand","Jo Brand","Hugh Dennis",1,0.249009373377423,0.979558932036182,0.269450441341241,0.269450441341241,"greater"
"""France""",6,"5","66","1/23/09","Hugh Dennis","Hugh Dennis","Phill Jupitus",2,0.0179197225333285,1,0.0179197225333285,0.0179197225333285,"greater"
"""France""",6,"5","66","1/23/09","Phill Jupitus","Phill Jupitus","Jo Brand",7,0.106311359252725,0.912419056640806,0.193892302611918,0.193892302611918,"greater"
"""Fakes and Frauds""",6,"6","67","1/30/09","Marcus Brigstocke","Marcus Brigstocke","Jimmy Carr",1,0.2088772845953,0.986572174561731,0.22230511003357,0.22230511003357,"greater"
"""Fakes and Frauds""",6,"6","67","1/30/09","Jimmy Carr","Jimmy Carr","Sean Lock",3,0.250671524260279,0.597055324509321,0.653616199750958,0.597055324509321,"less"
"""Fakes and Frauds""",6,"6","67","1/30/09","Sean Lock","Sean Lock","Marcus Brigstocke",1,0.195084147211385,0.988551399811538,0.206532747399847,0.206532747399847,"greater"
"""Fingers and Fumbs""",6,"7","68","2/6/09","Jo Brand","Jo Brand","Phill Jupitus",7,0.106311359252724,0.912419056640807,0.193892302611917,0.193892302611917,"greater"
"""Fingers and Fumbs""",6,"7","68","2/6/09","Phill Jupitus","Phill Jupitus","Dara O'Briain",3,0.193219399519581,0.888576173524682,0.304643225994899,0.304643225994899,"greater"
"""Fingers and Fumbs""",6,"7","68","2/6/09","Dara O'Briain","Dara O'Briain","Jo Brand",4,0.0957808668068601,0.960951060417249,0.134829806389611,0.134829806389611,"greater"
"""Fashion""",6,"8","69","2/13/09","Clive Anderson","Clive Anderson","Rich Hall",3,0.135466073345509,0.946211590724282,0.189254482621227,0.189254482621227,"greater"
"""Fashion""",6,"8","69","2/13/09","Rich Hall","Rich Hall","Reginald D. Hunter",1,0.245748560163719,0.972754717314722,0.272993842848997,0.272993842848997,"greater"
"""Fashion""",6,"8","69","2/13/09","Reginald D. Hunter","Reginald D. Hunter","Clive Anderson",1,0.164044786950153,0.989736881265926,0.174307905684227,0.174307905684227,"greater"
"""The Future""",6,"9","70","2/20/09","Rob Brydon","Rob Brydon","Sean Lock",2,0.291918151314999,0.773602348335384,0.518315802979615,0.518315802979615,"greater"
"""The Future""",6,"9","70","2/20/09","Sean Lock","Sean Lock","Ben Miller",1,0.108786610878661,1,0.108786610878661,0.108786610878661,"greater"
"""The Future""",6,"9","70","2/20/09","Ben Miller","Ben Miller","Rob Brydon",1,0.0613496932515337,1,0.0613496932515337,0.0613496932515337,"greater"
"""Flora and Fauna""",6,"10","71","2/27/09","Jo Brand","Jo Brand","Jimmy Carr",7,0.0663204750423038,0.960107687879252,0.106212787163052,0.106212787163052,"greater"
"""Flora and Fauna""",6,"10","71","2/27/09","Jimmy Carr","Jimmy Carr","John Sergeant",1,0.117647058823529,1,0.117647058823529,0.117647058823529,"greater"
"""Flora and Fauna""",6,"10","71","2/27/09","John Sergeant","John Sergeant","Jo Brand",1,0.14468085106383,1,0.14468085106383,0.14468085106383,"greater"
"""Films and Fame""",6,"11","72","3/6/09","David Mitchell","David Mitchell","John Sessions",2,0.190908725110684,0.938672294124586,0.252236430986097,0.252236430986097,"greater"
"""Films and Fame""",6,"11","72","3/6/09","John Sessions","John Sessions","Emma Thompson",1,0.0404858299595142,1,0.0404858299595142,0.0404858299595142,"greater"
"""Films and Fame""",6,"11","72","3/6/09","Emma Thompson","Emma Thompson","David Mitchell",1,0.0956340956340956,1,0.0956340956340956,0.0956340956340956,"greater"
"""Food""",6,"12","73","3/20/09","Jimmy Carr","Jimmy Carr","Rich Hall",2,0.237705543437584,0.40859741478187,0.829108128655714,0.40859741478187,"less"
"""Food""",6,"12","73","3/20/09","Rich Hall","Rich Hall","David Mitchell",1,0.207165506042509,0.275845374893558,0.93132013114895,0.275845374893558,"less"
"""Food""",6,"12","73","3/20/09","David Mitchell","David Mitchell","Jimmy Carr",3,0.252915478122047,0.694704649690729,0.558210828431318,0.558210828431318,"greater"
"""Gardens""",7,"1","74","11/26/09","Rob Brydon","Rob Brydon","David Mitchell",3,0.125209080181759,0.953643921901312,0.171565158280447,0.171565158280447,"greater"
"""Gardens""",7,"1","74","11/26/09","David Mitchell","David Mitchell","Dara O'Briain",3,0.109728624352044,0.963842977174749,0.145885647177294,0.145885647177294,"greater"
"""Gardens""",7,"1","74","11/26/09","Dara O'Briain","Dara O'Briain","Rob Brydon",1,0.39166152564895,0.7833230512979,0.60833847435105,0.60833847435105,"greater"
"""Games""",7,"3","76","12/10/09","Phill Jupitus","Phill Jupitus","Sean Lock",3,0.229589684498263,0.476104504763313,0.75348517973495,0.476104504763313,"less"
"""Games""",7,"3","76","12/10/09","Sean Lock","Sean Lock","Liza Tarbuck",1,0.312768516778167,0.939809245126703,0.372959271651463,0.372959271651463,"greater"
"""Games""",7,"3","76","12/10/09","Liza Tarbuck","Liza Tarbuck","Phill Jupitus",1,0.355416828814874,0.90936727685056,0.446049551964313,0.446049551964313,"greater"
"""Geography""",7,"4","77","12/17/09","Jo Brand","Jo Brand","Rob Brydon",2,0.295780049654658,0.610201699077465,0.685578350577194,0.610201699077465,"less"
"""Geography""",7,"4","77","12/17/09","Rob Brydon","Rob Brydon","Jimmy Carr",2,0.298394509033647,0.734500452196711,0.563894056836936,0.563894056836936,"greater"
"""Geography""",7,"4","77","12/17/09","Jimmy Carr","Jimmy Carr","Jo Brand",7,0.0663204750423042,0.960107687879251,0.106212787163053,0.106212787163053,"greater"
"""Groovy""(Christmas Special)",7,"5","78","12/24/09","Bill Bailey","Bill Bailey","Lee Mack",1,0.361499414897543,0.903748537243844,0.457750877653698,0.457750877653698,"greater"
"""Groovy""(Christmas Special)",7,"5","78","12/24/09","Lee Mack","Lee Mack","David Tennant",1,0.016,1,0.016,0.016,"greater"
"""Groovy""(Christmas Special)",7,"5","78","12/24/09","David Tennant","David Tennant","Bill Bailey",1,0.140127388535033,1,0.140127388535033,0.140127388535033,"greater"
"""Genius""",7,"6","79","1/1/10","David Mitchell","David Mitchell","Graham Norton",1,0.174027239046112,0.99119862239307,0.182828616653041,0.182828616653041,"greater"
"""Genius""",7,"6","79","1/1/10","Graham Norton","Graham Norton","Dara O'Briain",1,0.108406171173814,0.996949609902036,0.111456561271778,0.111456561271778,"greater"
"""Genius""",7,"6","79","1/1/10","Dara O'Briain","Dara O'Briain","David Mitchell",3,0.109728624352044,0.963842977174749,0.145885647177294,0.145885647177294,"greater"
"""Girls and Boys""",7,"7","80","1/8/10","Ronni Ancona","Ronni Ancona","Jack Dee",1,0.131655172143247,0.992899423246985,0.138755748896262,0.138755748896262,"greater"
"""Girls and Boys""",7,"7","80","1/8/10","Jack Dee","Jack Dee","Sandi Toksvig",1,0.262072501022455,0.959372548385773,0.302699952636682,0.302699952636682,"greater"
"""Girls and Boys""",7,"7","80","1/8/10","Sandi Toksvig","Sandi Toksvig","Ronni Ancona",1,0.262072501022455,0.959372548385773,0.302699952636682,0.302699952636682,"greater"
"""Germany""",7,"8","81","1/15/10","Jo Brand","Jo Brand","Rob Brydon",2,0.295780049654658,0.610201699077465,0.685578350577194,0.610201699077465,"less"
"""Germany""",7,"8","81","1/15/10","Rob Brydon","Rob Brydon","Sean Lock",2,0.291918151314999,0.773602348335384,0.518315802979615,0.518315802979615,"greater"
"""Germany""",7,"8","81","1/15/10","Sean Lock","Sean Lock","Jo Brand",7,0.0486029222842321,0.975211772838322,0.0733911494459095,0.0733911494459095,"greater"
"""Gallimaufrey""",7,"9","82","1/22/10","Hugh Dennis","Hugh Dennis","Andy Hamilton",1,0.0550803968525488,0.99931577146767,0.0557646253848785,0.0557646253848785,"greater"
"""Gallimaufrey""",7,"9","82","1/22/10","Andy Hamilton","Andy Hamilton","Phill Jupitus",2,0.190668635119261,0.944240835080468,0.246427800038793,0.246427800038793,"greater"
"""Gallimaufrey""",7,"9","82","1/22/10","Phill Jupitus","Phill Jupitus","Hugh Dennis",2,0.0179197225333285,1,0.0179197225333285,0.0179197225333285,"greater"
"""Greats""",7,"10","83","1/29/10","Jo Brand","Jo Brand","Sean Lock",7,0.0486029222842318,0.975211772838323,0.073391149445909,0.073391149445909,"greater"
"""Greats""",7,"10","83","1/29/10","Sean Lock","Sean Lock","David Mitchell",2,0.268821551887442,0.499648459016477,0.769173092870964,0.499648459016477,"less"
"""Greats""",7,"10","83","1/29/10","David Mitchell","David Mitchell","Jo Brand",3,0.242038134560296,0.531620513289792,0.710417621270504,0.531620513289792,"less"
"""Gifts""",7,"11","84","2/5/10","Clive Anderson","Clive Anderson","Jimmy Carr",1,0.300762719422803,0.436105943163064,0.864656776259739,0.436105943163064,"less"
"""Gifts""",7,"11","84","2/5/10","Jimmy Carr","Jimmy Carr","Jan Ravens",1,0.117647058823529,1,0.117647058823529,0.117647058823529,"greater"
"""Gifts""",7,"11","84","2/5/10","Jan Ravens","Jan Ravens","Clive Anderson",1,0.0613496932515337,1,0.0613496932515337,0.0613496932515337,"greater"
"""Gravity""",7,"12","85","2/12/10","Bill Bailey","Bill Bailey","Rich Hall",5,0.145943354170012,0.88566256959823,0.260280784571783,0.260280784571783,"greater"
"""Gravity""",7,"12","85","2/12/10","Rich Hall","Rich Hall","Barry Humphries",1,0.1,1,0.1,0.1,"greater"
"""Gravity""",7,"12","85","2/12/10","Barry Humphries","Barry Humphries","Bill Bailey",1,0.140127388535033,1,0.140127388535033,0.140127388535033,"greater"
"""Gothic""",7,"13","86","2/19/10","Jimmy Carr","Jimmy Carr","Jack Dee",2,0.12739226304624,0.9764718067465,0.150920456299741,0.150920456299741,"greater"
"""Gothic""",7,"13","86","2/19/10","Jack Dee","Jack Dee","Sue Perkins",1,0.233991346748089,0.970089125059787,0.263902221688303,0.263902221688303,"greater"
"""Gothic""",7,"13","86","2/19/10","Sue Perkins","Sue Perkins","Jimmy Carr",2,0.272973288276641,0.837851724379412,0.435121563897229,0.435121563897229,"greater"
"""Greeks""",7,"14","87","3/5/10","Clive Anderson","Clive Anderson","Rich Hall",3,0.135466073345509,0.946211590724282,0.189254482621227,0.189254482621227,"greater"
"""Greeks""",7,"14","87","3/5/10","Rich Hall","Rich Hall","Phill Jupitus",6,0.0660192233977636,0.965879694369479,0.100139529028284,0.100139529028284,"greater"
"""Greeks""",7,"14","87","3/5/10","Phill Jupitus","Phill Jupitus","Clive Anderson",3,0.209683337329917,0.862015976480468,0.347667360849448,0.347667360849448,"greater"
"""Green""",7,"15","88","3/26/10","Bill Bailey","Bill Bailey","Danny Baker",2,0.228810643322525,0.911620976256999,0.317189667065526,0.317189667065526,"greater"
"""Green""",7,"15","88","3/26/10","Danny Baker","Danny Baker","Jeremy Clarkson",2,0.0486787097340032,0.995483565254337,0.0531951444796661,0.0531951444796661,"greater"
"""Green""",7,"15","88","3/26/10","Jeremy Clarkson","Jeremy Clarkson","Bill Bailey",3,0.162625892806876,0.925796656015843,0.236829236791033,0.236829236791033,"greater"
"""Geometry""",7,"16","89","4/2/10","Rob Brydon","Rob Brydon","David Mitchell",3,0.125209080181759,0.953643921901312,0.171565158280447,0.171565158280447,"greater"
"""Geometry""",7,"16","89","4/2/10","David Mitchell","David Mitchell","Johnny Vegas",1,0.387965942784825,0.824427628417754,0.563538314367071,0.563538314367071,"greater"
"""Geometry""",7,"16","89","4/2/10","Johnny Vegas","Johnny Vegas","Rob Brydon",1,0.325196398853522,0.918679826761201,0.406516572092321,0.406516572092321,"greater"
"""Hodge Podge""",8,"1","90","9/17/10","Jack Dee","Jack Dee","Phill Jupitus",1,0.399631883120145,0.80863013850092,0.591001744619225,0.591001744619225,"greater"
"""Hodge Podge""",8,"1","90","9/17/10","Phill Jupitus","Phill Jupitus","Ross Noble",1,0.30246346401649,0.437699532062324,0.864763931954165,0.437699532062324,"less"
"""Hodge Podge""",8,"1","90","9/17/10","Ross Noble","Ross Noble","Jack Dee",1,0.248393594259261,0.964913577699435,0.283480016559825,0.283480016559825,"greater"
"""Hanatomy""",8,"2","91","9/24/10","Bill Bailey","Bill Bailey","Gyles Brandreth",1,0.242455577022508,0.980843016136494,0.261612560886015,0.261612560886015,"greater"
"""Hanatomy""",8,"2","91","9/24/10","Gyles Brandreth","Gyles Brandreth","Sue Perkins",1,0.0933619270859309,0.997805595730886,0.0955563313550446,0.0955563313550446,"greater"
"""Hanatomy""",8,"2","91","9/24/10","Sue Perkins","Sue Perkins","Bill Bailey",2,0.297448003940324,0.763170763208967,0.534277240731357,0.534277240731357,"greater"
"""Hoaxes""",8,"3","92","10/1/10","Danny Baker","Danny Baker","Sean Lock",1,0.397169774332062,0.783837463285152,0.61333231104691,0.61333231104691,"greater"
"""Hoaxes""",8,"3","92","10/1/10","Sean Lock","Sean Lock","David Mitchell",2,0.268821551887442,0.499648459016477,0.769173092870964,0.499648459016477,"less"
"""Hoaxes""",8,"3","92","10/1/10","David Mitchell","David Mitchell","Danny Baker",1,0.387965942784825,0.824427628417754,0.563538314367071,0.563538314367071,"greater"
"""Humans""",8,"4","93","10/8/10","Jo Brand","Jo Brand","Jimmy Carr",7,0.0663204750423038,0.960107687879252,0.106212787163052,0.106212787163052,"greater"
"""Humans""",8,"4","93","10/8/10","Jimmy Carr","Jimmy Carr","Jack Dee",2,0.12739226304624,0.9764718067465,0.150920456299741,0.150920456299741,"greater"
"""Humans""",8,"4","93","10/8/10","Jack Dee","Jack Dee","Jo Brand",1,0.404053157711498,0.787309461717252,0.616743695994246,0.616743695994246,"greater"
"""Hanimals""",8,"5","94","10/15/10","Sean Lock","Sean Lock","Ross Noble",2,0.272672326565688,0.835950428867345,0.436721897698343,0.436721897698343,"greater"
"""Hanimals""",8,"5","94","10/15/10","Ross Noble","Ross Noble","Ruby Wax",1,0.0529531568228106,1,0.0529531568228106,0.0529531568228106,"greater"
"""Hanimals""",8,"5","94","10/15/10","Ruby Wax","Ruby Wax","Sean Lock",1,0.108786610878661,1,0.108786610878661,0.108786610878661,"greater"
"""Happiness""",8,"6","95","10/22/10","Rich Hall","Rich Hall","Andy Hamilton",1,0.380672410326337,0.849715201621288,0.530957208705048,0.530957208705048,"greater"
"""Happiness""",8,"6","95","10/22/10","Andy Hamilton","Andy Hamilton","Phill Jupitus",2,0.190668635119261,0.944240835080468,0.246427800038793,0.246427800038793,"greater"
"""Happiness""",8,"6","95","10/22/10","Phill Jupitus","Phill Jupitus","Rich Hall",6,0.0660192233977637,0.965879694369479,0.100139529028285,0.100139529028285,"greater"
"""Horrible""(Halloween Special)",8,"7","96","10/29/10","Chris Addison","Chris Addison","Sean Lock",1,0.195084147211385,0.988551399811538,0.206532747399847,0.206532747399847,"greater"
"""Horrible""(Halloween Special)",8,"7","96","10/29/10","Sean Lock","Sean Lock","Dara O'Briain",1,0.340618585256414,0.521689179341897,0.818929405914516,0.521689179341897,"less"
"""Horrible""(Halloween Special)",8,"7","96","10/29/10","Dara O'Briain","Dara O'Briain","Chris Addison",1,0.108406171173814,0.996949609902036,0.111456561271778,0.111456561271778,"greater"
"""Hypothetical""",8,"8","97","11/5/10","John Lloyd","John Lloyd","Sandi Toksvig",1,0.0571428571428571,1,0.0571428571428571,0.0571428571428571,"greater"
"""Hypothetical""",8,"8","97","11/5/10","Sandi Toksvig","Sandi Toksvig","Johnny Vegas",2,0.0641063803743934,0.992680255440298,0.0714261249340956,0.0714261249340956,"greater"
"""Hypothetical""",8,"8","97","11/5/10","Johnny Vegas","Johnny Vegas","John Lloyd",1,0.032258064516129,1,0.032258064516129,0.032258064516129,"greater"
"""House and Home""",8,"9","98","11/12/10","Bill Bailey","Bill Bailey","Danny Baker",2,0.228810643322525,0.911620976256999,0.317189667065526,0.317189667065526,"greater"
"""House and Home""",8,"9","98","11/12/10","Danny Baker","Danny Baker","Eddie Izzard",1,0.032258064516129,1,0.032258064516129,0.032258064516129,"greater"
"""House and Home""",8,"9","98","11/12/10","Eddie Izzard","Eddie Izzard","Bill Bailey",1,0.140127388535033,1,0.140127388535033,0.140127388535033,"greater"
"""Health and Safety""",8,"10","99","11/26/10","Jeremy Clarkson","Jeremy Clarkson","David Mitchell",1,0.38714204865601,0.669082453655495,0.718059595000515,0.669082453655495,"less"
"""Health and Safety""",8,"10","99","11/26/10","David Mitchell","David Mitchell","Ross Noble",2,0.248161361024878,0.878175451747772,0.369985909277106,0.369985909277106,"greater"
"""Health and Safety""",8,"10","99","11/26/10","Ross Noble","Ross Noble","Jeremy Clarkson",2,0.110569816784612,0.979470737146201,0.13109907963841,0.13109907963841,"greater"
"""Highs and Lows""",8,"11","100","12/3/10","Rob Brydon","Rob Brydon","Fred MacAulay",1,0.115868127429697,0.99646589589539,0.119402231534306,0.119402231534306,"greater"
"""Highs and Lows""",8,"11","100","12/3/10","Fred MacAulay","Fred MacAulay","Sandi Toksvig",1,0.108406171173814,0.996949609902036,0.111456561271778,0.111456561271778,"greater"
"""Highs and Lows""",8,"11","100","12/3/10","Sandi Toksvig","Sandi Toksvig","Rob Brydon",2,0.168516306543993,0.951839357841893,0.2166769487021,0.2166769487021,"greater"
"""Horses & Hunting""",8,"12","101","12/10/10","Clare Balding","Clare Balding","Jimmy Carr",1,0.117647058823529,1,0.117647058823529,0.117647058823529,"greater"
"""Horses & Hunting""",8,"12","101","12/10/10","Jimmy Carr","Jimmy Carr","Dara O'Briain",2,0.29341821913363,0.770421149942183,0.522997069191447,0.522997069191447,"greater"
"""Horses & Hunting""",8,"12","101","12/10/10","Dara O'Briain","Dara O'Briain","Clare Balding",1,0.0571428571428572,1,0.0571428571428572,0.0571428571428572,"greater"
"""Holidays""",8,"13","102","12/17/10","Bill Bailey","Bill Bailey","Rob Brydon",3,0.217173242658773,0.848480572835282,0.368692669823491,0.368692669823491,"greater"
"""Holidays""",8,"13","102","12/17/10","Rob Brydon","Rob Brydon","Rich Hall",3,0.135466073345509,0.946211590724282,0.189254482621227,0.189254482621227,"greater"
"""Holidays""",8,"13","102","12/17/10","Rich Hall","Rich Hall","Bill Bailey",5,0.145943354170012,0.88566256959823,0.260280784571782,0.260280784571782,"greater"
"""Hocus Pocus""(Christmas Special)",8,"14","103","12/24/10","Lee Mack","Lee Mack","Graham Norton",1,0.0316770486262012,0.999806847264474,0.0318702013617268,0.0318702013617268,"greater"
"""Hocus Pocus""(Christmas Special)",8,"14","103","12/24/10","Graham Norton","Graham Norton","Daniel Radcliffe",1,0.00796812749003984,1,0.00796812749003984,0.00796812749003984,"greater"
"""Hocus Pocus""(Christmas Special)",8,"14","103","12/24/10","Daniel Radcliffe","Daniel Radcliffe","Lee Mack",1,0.016,1,0.016,0.016,"greater"
"""Hypnosis, Hallucinations & Hysteria""",8,"15","104","1/7/11","Ronni Ancona","Ronni Ancona","Phill Jupitus",2,0.156421570413189,0.965051708914109,0.19136986149908,0.19136986149908,"greater"
"""Hypnosis, Hallucinations & Hysteria""",8,"15","104","1/7/11","Phill Jupitus","Phill Jupitus","Robert Webb",1,0.135593220338983,1,0.135593220338983,0.135593220338983,"greater"
"""Hypnosis, Hallucinations & Hysteria""",8,"15","104","1/7/11","Robert Webb","Robert Webb","Ronni Ancona",1,0.0240963855421687,1,0.0240963855421687,0.0240963855421687,"greater"
"""History""",8,"16","105","1/14/11","Rob Brydon","Rob Brydon","David Mitchell",3,0.125209080181759,0.953643921901312,0.171565158280447,0.171565158280447,"greater"
"""History""",8,"16","105","1/14/11","David Mitchell","David Mitchell","Sandi Toksvig",1,0.366305608741657,0.591549430266029,0.774756178475627,0.591549430266029,"less"
"""History""",8,"16","105","1/14/11","Sandi Toksvig","Sandi Toksvig","Rob Brydon",2,0.168516306543993,0.951839357841893,0.2166769487021,0.2166769487021,"greater"
"""I-Spy""",9,"1","106","9/9/11","Jimmy Carr","Jimmy Carr","Lee Mack",1,0.32816765331038,0.930296695768265,0.397870957542115,0.397870957542115,"greater"
"""I-Spy""",9,"1","106","9/9/11","Lee Mack","Lee Mack","Sandi Toksvig",1,0.194810787107099,0.982750845674206,0.212059941432894,0.212059941432894,"greater"
"""I-Spy""",9,"1","106","9/9/11","Sandi Toksvig","Sandi Toksvig","Jimmy Carr",1,0.321004547428245,0.477002930808553,0.844001616619692,0.477002930808553,"less"
"""International""",9,"2","107","9/16/11","Bill Bailey","Bill Bailey","Jack Dee",1,0.402072554162245,0.798053099928084,0.604019454234161,0.604019454234161,"greater"
"""International""",9,"2","107","9/16/11","Jack Dee","Jack Dee","David Mitchell",1,0.354805344386792,0.894726520627563,0.460078823759229,0.460078823759229,"greater"
"""International""",9,"2","107","9/16/11","David Mitchell","David Mitchell","Bill Bailey",3,0.24649680241808,0.558893311465547,0.687603490952532,0.558893311465547,"less"
"""Imbroglio""",9,"3","108","9/23/11","John Bishop","John Bishop","Sean Lock",1,0.108786610878661,1,0.108786610878661,0.108786610878661,"greater"
"""Imbroglio""",9,"3","108","9/23/11","Sean Lock","Sean Lock","Frank Skinner",1,0.195084147211385,0.988551399811538,0.206532747399847,0.206532747399847,"greater"
"""Imbroglio""",9,"3","108","9/23/11","Frank Skinner","Frank Skinner","John Bishop",1,0.00796812749003984,1,0.00796812749003984,0.00796812749003984,"greater"
"""Indecision""",9,"4","109","9/30/11","Jimmy Carr","Jimmy Carr","Rich Hall",2,0.237705543437584,0.40859741478187,0.829108128655714,0.40859741478187,"less"
"""Indecision""",9,"4","109","9/30/11","Rich Hall","Rich Hall","Phill Jupitus",6,0.0660192233977636,0.965879694369479,0.100139529028284,0.100139529028284,"greater"
"""Indecision""",9,"4","109","9/30/11","Phill Jupitus","Phill Jupitus","Jimmy Carr",4,0.226389643137807,0.633256012414211,0.593133630723596,0.593133630723596,"greater"
"""Invertebrates""",9,"5","110","10/7/11","Jimmy Carr","Jimmy Carr","Sarah Millican",1,0.36298352865821,0.891902384703031,0.47108114395518,0.47108114395518,"greater"
"""Invertebrates""",9,"5","110","10/7/11","Sarah Millican","Sarah Millican","Johnny Vegas",1,0.144697512826212,0.991177962859549,0.153519549966662,0.153519549966662,"greater"
"""Invertebrates""",9,"5","110","10/7/11","Johnny Vegas","Johnny Vegas","Jimmy Carr",2,0.187922524533788,0.943620890801355,0.244301633732433,0.244301633732433,"greater"
"""Inventive""",9,"6","111","10/14/11","Bill Bailey","Bill Bailey","Nina Conti",1,0.140127388535035,1,0.140127388535035,0.140127388535035,"greater"
"""Inventive""",9,"6","111","10/14/11","Nina Conti","Nina Conti","Sean Lock",1,0.108786610878661,1,0.108786610878661,0.108786610878661,"greater"
"""Inventive""",9,"6","111","10/14/11","Sean Lock","Sean Lock","Bill Bailey",5,0.168568236218136,0.841442043514453,0.327126192703682,0.327126192703682,"greater"
"""Incomprehensible""",9,"7","112","10/21/11","Prof. Brian Cox","Prof. Brian Cox","Ross Noble",1,0.100903878414582,0.99739602894414,0.103507849470442,0.103507849470442,"greater"
"""Incomprehensible""",9,"7","112","10/21/11","Ross Noble","Ross Noble","Sue Perkins",4,0.00188902554069321,0.999872212985688,0.00201681255500528,0.00201681255500528,"greater"
"""Incomprehensible""",9,"7","112","10/21/11","Sue Perkins","Sue Perkins","Prof. Brian Cox",1,0.0933619270859309,0.997805595730886,0.0955563313550447,0.0955563313550447,"greater"
"""Inequality""",9,"8","113","10/28/11","Clive Anderson","Clive Anderson","Sandi Toksvig",1,0.39166152564895,0.7833230512979,0.60833847435105,0.60833847435105,"greater"
"""Inequality""",9,"8","113","10/28/11","Sandi Toksvig","Sandi Toksvig","Henning Wehn",1,0.0571428571428572,1,0.0571428571428572,0.0571428571428572,"greater"
"""Inequality""",9,"8","113","10/28/11","Henning Wehn","Henning Wehn","Clive Anderson",1,0.0613496932515337,1,0.0613496932515337,0.0613496932515337,"greater"
"""Illness""",9,"9","114","11/4/11","Jo Brand","Jo Brand","Dr. Ben Goldacre",1,0.144680851063831,1,0.144680851063831,0.144680851063831,"greater"
"""Illness""",9,"9","114","11/4/11","Dr. Ben Goldacre","Dr. Ben Goldacre","Andy Hamilton",1,0.028169014084507,1,0.028169014084507,0.028169014084507,"greater"
"""Illness""",9,"9","114","11/4/11","Andy Hamilton","Andy Hamilton","Jo Brand",1,0.402825426997523,0.727793838693007,0.675031588304516,0.675031588304516,"greater"
"""Inland Revenue""",9,"10","115","11/11/11","Al Murray","Al Murray","Dara O'Briain",1,0.0571428571428571,1,0.0571428571428571,0.0571428571428571,"greater"
"""Inland Revenue""",9,"10","115","11/11/11","Dara O'Briain","Dara O'Briain","Sandi Toksvig",1,0.387864548391244,0.806402058517509,0.581462489873735,0.581462489873735,"greater"
"""Inland Revenue""",9,"10","115","11/11/11","Sandi Toksvig","Sandi Toksvig","Al Murray",1,0.0571428571428572,1,0.0571428571428572,0.0571428571428572,"greater"
"""Infantile""",9,"11","116","12/29/11","Ronni Ancona","Ronni Ancona","Dave Gorman",1,0.0473142356463115,0.99951322802833,0.0478010076179814,0.0478010076179814,"greater"
"""Infantile""",9,"11","116","12/29/11","Dave Gorman","Dave Gorman","Lee Mack",1,0.0316770486262012,0.999806847264474,0.0318702013617268,0.0318702013617268,"greater"
"""Infantile""",9,"11","116","12/29/11","Lee Mack","Lee Mack","Ronni Ancona",1,0.0911652143527307,0.997119531982992,0.094045682369739,0.094045682369739,"greater"
"""Illumination""",9,"12","117","11/25/11","Chris Addison","Chris Addison","Jack Dee",1,0.0473142356463115,0.99951322802833,0.0478010076179814,0.0478010076179814,"greater"
"""Illumination""",9,"12","117","11/25/11","Jack Dee","Jack Dee","Rich Hall",1,0.361975798374664,0.886086589771314,0.475889208603351,0.475889208603351,"greater"
"""Illumination""",9,"12","117","11/25/11","Rich Hall","Rich Hall","Chris Addison",1,0.181094110249424,0.990358415426535,0.190735694822888,0.190735694822888,"greater"
"""Intelligence""",9,"13","118","12/2/11","Jo Brand","Jo Brand","Phill Jupitus",7,0.106311359252724,0.912419056640807,0.193892302611917,0.193892302611917,"greater"
"""Intelligence""",9,"13","118","12/2/11","Phill Jupitus","Phill Jupitus","David Mitchell",4,0.206557484686233,0.792845986619794,0.413711498066439,0.413711498066439,"greater"
"""Intelligence""",9,"13","118","12/2/11","David Mitchell","David Mitchell","Jo Brand",3,0.242038134560296,0.531620513289792,0.710417621270504,0.531620513289792,"less"
"""Ice""(Christmas Special)",9,"16","119","12/29/11","Brian Blessed","Brian Blessed","Sean Lock",1,0.108786610878661,1,0.108786610878661,0.108786610878661,"greater"
"""Ice""(Christmas Special)",9,"16","119","12/29/11","Sean Lock","Sean Lock","Ross Noble",2,0.272672326565688,0.835950428867345,0.436721897698343,0.436721897698343,"greater"
"""Ice""(Christmas Special)",9,"16","119","12/29/11","Ross Noble","Ross Noble","Brian Blessed",1,0.0529531568228106,1,0.0529531568228106,0.0529531568228106,"greater"
"""The Immortal Bard""",9,"17","120","4/27/12","Bill Bailey","Bill Bailey","David Mitchell",3,0.24649680241808,0.558893311465547,0.687603490952533,0.558893311465547,"less"
"""The Immortal Bard""",9,"17","120","4/27/12","David Mitchell","David Mitchell","Sue Perkins",3,0.0793777088384508,0.979789485394574,0.0995882234438769,0.0995882234438769,"greater"
"""The Immortal Bard""",9,"17","120","4/27/12","Sue Perkins","Sue Perkins","Bill Bailey",2,0.297448003940324,0.763170763208967,0.534277240731357,0.534277240731357,"greater"
"""Idleness""",9,"18","121","5/4/12","Jeremy Clarkson","Jeremy Clarkson","Ross Noble",2,0.110569816784612,0.979470737146201,0.13109907963841,0.13109907963841,"greater"
"""Idleness""",9,"18","121","5/4/12","Ross Noble","Ross Noble","Dara O'Briain",1,0.381939017947079,0.828933582907123,0.553005435039957,0.553005435039957,"greater"
"""Idleness""",9,"18","121","5/4/12","Dara O'Briain","Dara O'Briain","Jeremy Clarkson",1,0.373680249012573,0.850789852662554,0.522890396350019,0.522890396350019,"greater"
"""Jargon""",10,"1","122","9/14/12","Bill Bailey","Bill Bailey","Jimmy Carr",5,0.186774667492745,0.789981386296915,0.39679328119583,0.39679328119583,"greater"
"""Jargon""",10,"1","122","9/14/12","Jimmy Carr","Jimmy Carr","Victoria Coren Mitchell",1,0.277845200531133,0.962535158982852,0.31531004154828,0.31531004154828,"greater"
"""Jargon""",10,"1","122","9/14/12","Victoria Coren Mitchell","Victoria Coren Mitchell","Bill Bailey",1,0.314220407363105,0.94742213735239,0.366798270010715,0.366798270010715,"greater"
"""Jam, Jelly and Juice""",10,"2","123","9/21/12","Jo Brand","Jo Brand","Sue Perkins",1,0.307696680847425,0.446838929907105,0.86085775094032,0.446838929907105,"less"
"""Jam, Jelly and Juice""",10,"2","123","9/21/12","Sue Perkins","Sue Perkins","Liza Tarbuck",1,0.170801591110769,0.987446698609134,0.183354892501635,0.183354892501635,"greater"
"""Jam, Jelly and Juice""",10,"2","123","9/21/12","Liza Tarbuck","Liza Tarbuck","Jo Brand",1,0.367293645247148,0.897978948857912,0.469314696389235,0.469314696389235,"greater"
"""Journeys""",10,"3","124","9/28/12","Rob Brydon","Rob Brydon","Phill Jupitus",1,0.255076323543096,0.352324171893901,0.902752151649195,0.352324171893901,"less"
"""Journeys""",10,"3","124","9/28/12","Phill Jupitus","Phill Jupitus","Cal Wilson",1,0.235846670761226,0.982080277466671,0.253766393294555,0.253766393294555,"greater"
"""Journeys""",10,"3","124","9/28/12","Cal Wilson","Cal Wilson","Rob Brydon",1,0.115868127429697,0.99646589589539,0.119402231534306,0.119402231534306,"greater"
"""Jack and Jill""",10,"4","125","10/5/12","Katy Brand","Katy Brand","David Mitchell",1,0.0956340956340956,1,0.0956340956340956,0.0956340956340956,"greater"
"""Jack and Jill""",10,"4","125","10/5/12","David Mitchell","David Mitchell","Sue Perkins",3,0.0793777088384508,0.979789485394574,0.0995882234438769,0.0995882234438769,"greater"
"""Jack and Jill""",10,"4","125","10/5/12","Sue Perkins","Sue Perkins","Katy Brand",1,0.0487804878048781,1,0.0487804878048781,0.0487804878048781,"greater"
"""J-Places""",10,"5","126","10/12/12","Bill Bailey","Bill Bailey","Susan Calman",1,0.242455577022508,0.980843016136494,0.261612560886015,0.261612560886015,"greater"
"""J-Places""",10,"5","126","10/12/12","Susan Calman","Susan Calman","Sandi Toksvig",2,0.00305039009796445,1,0.00305039009796445,0.00305039009796445,"greater"
"""J-Places""",10,"5","126","10/12/12","Sandi Toksvig","Sandi Toksvig","Bill Bailey",2,0.301947523883797,0.675870582189885,0.626076941693912,0.626076941693912,"greater"
"""Joints""",10,"6","127","10/19/12","Jimmy Carr","Jimmy Carr","Jack Whitehall",1,0.32816765331038,0.930296695768265,0.397870957542115,0.397870957542115,"greater"
"""Joints""",10,"6","127","10/19/12","Jack Whitehall","Jack Whitehall","Cal Wilson",1,0.0316770486262012,0.999806847264474,0.0318702013617268,0.0318702013617268,"greater"
"""Joints""",10,"6","127","10/19/12","Cal Wilson","Cal Wilson","Jimmy Carr",1,0.2088772845953,0.986572174561731,0.22230511003357,0.22230511003357,"greater"
"""Journalism""",10,"7","128","10/26/12","Shappi Khorsandi","Shappi Khorsandi","Ross Noble",1,0.0529531568228106,1,0.0529531568228106,0.0529531568228106,"greater"
"""Journalism""",10,"7","128","10/26/12","Ross Noble","Ross Noble","Johnny Vegas",1,0.299225978645524,0.937958356138854,0.36126762250667,0.36126762250667,"greater"
"""Journalism""",10,"7","128","10/26/12","Johnny Vegas","Johnny Vegas","Shappi Khorsandi",1,0.032258064516129,1,0.032258064516129,0.032258064516129,"greater"
"""Jumble""",10,"8","129","11/2/12","Jo Brand","Jo Brand","Dara O'Briain",4,0.0957808668068611,0.96095106041725,0.134829806389611,0.134829806389611,"greater"
"""Jumble""",10,"8","129","11/2/12","Dara O'Briain","Dara O'Briain","John Sessions",1,0.349282868452283,0.891918753369223,0.45736411508306,0.45736411508306,"greater"
"""Jumble""",10,"8","129","11/2/12","John Sessions","John Sessions","Jo Brand",1,0.35592536322799,0.552207732655189,0.803717630572802,0.552207732655189,"less"
"""Jeopardy""",10,"9","130","11/9/12","Ross Noble","Ross Noble","Sue Perkins",4,0.00188902554069321,0.999872212985688,0.00201681255500528,0.00201681255500528,"greater"
"""Jeopardy""",10,"9","130","11/9/12","Sue Perkins","Sue Perkins","Julia Zemiro",1,0.0933619270859309,0.997805595730886,0.0955563313550447,0.0955563313550447,"greater"
"""Jeopardy""",10,"9","130","11/9/12","Julia Zemiro","Julia Zemiro","Ross Noble",1,0.100903878414582,0.99739602894414,0.103507849470442,0.103507849470442,"greater"
"""Jungles""",10,"10","131","11/23/12","Reginald D. Hunter","Reginald D. Hunter","David O'Doherty",1,0.0119760479041916,1,0.0119760479041916,0.0119760479041916,"greater"
"""Jungles""",10,"10","131","11/23/12","David O'Doherty","David O'Doherty","Greg Proops",1,0.00397614314115308,1,0.00397614314115308,0.00397614314115308,"greater"
"""Jungles""",10,"10","131","11/23/12","Greg Proops","Greg Proops","Reginald D. Hunter",1,0.0119760479041916,1,0.0119760479041916,0.0119760479041916,"greater"
"""Jumpers""",10,"11","132","11/30/12","Bill Bailey","Bill Bailey","Julian Clary",1,0.242455577022508,0.980843016136494,0.261612560886015,0.261612560886015,"greater"
"""Jumpers""",10,"11","132","11/30/12","Julian Clary","Julian Clary","Ross Noble",1,0.100903878414582,0.99739602894414,0.103507849470442,0.103507849470442,"greater"
"""Jumpers""",10,"11","132","11/30/12","Ross Noble","Ross Noble","Bill Bailey",1,0.292418989361259,0.418179603666974,0.874239385694285,0.418179603666974,"less"
"""Justice""",10,"12","133","12/7/12","Prof. Brian Cox","Prof. Brian Cox","Rhys Darby",1,0.00796812749003984,1,0.00796812749003984,0.00796812749003984,"greater"
"""Justice""",10,"12","133","12/7/12","Rhys Darby","Rhys Darby","Jason Manford",1,0.028169014084507,1,0.028169014084507,0.028169014084507,"greater"
"""Justice""",10,"12","133","12/7/12","Jason Manford","Jason Manford","Prof. Brian Cox",1,0.0550803968525488,0.99931577146767,0.0557646253848785,0.0557646253848785,"greater"
"""Jobs""",10,"13","134","12/14/12","The Rev. Richard Coles","The Rev. Richard Coles","Sarah Millican",1,0.0584230625834816,0.999034370177536,0.0593886924059459,0.0593886924059459,"greater"
"""Jobs""",10,"13","134","12/14/12","Sarah Millican","Sarah Millican","David Mitchell",1,0.326064299039628,0.925739075099467,0.400325223940162,0.400325223940162,"greater"
"""Jobs""",10,"13","134","12/14/12","David Mitchell","David Mitchell","The Rev. Richard Coles",1,0.237314051392788,0.975051211157323,0.262262840235465,0.262262840235465,"greater"
"""Jingle Bells""(Christmas Special)",10,"14","135","12/21/12","Danny Baker","Danny Baker","Phill Jupitus",1,0.39729735999512,0.697598294210175,0.699699065784944,0.697598294210175,"less"
"""Jingle Bells""(Christmas Special)",10,"14","135","12/21/12","Phill Jupitus","Phill Jupitus","Sarah Millican",1,0.384900491787053,0.861214850373533,0.523685641413521,0.523685641413521,"greater"
"""Jingle Bells""(Christmas Special)",10,"14","135","12/21/12","Sarah Millican","Sarah Millican","Danny Baker",1,0.144697512826212,0.991177962859549,0.153519549966662,0.153519549966662,"greater"
"""Jolly""",10,"17","136","1/11/13","Rob Brydon","Rob Brydon","Tim Vine",1,0.0613496932515337,1,0.0613496932515337,0.0613496932515337,"greater"
"""Jolly""",10,"17","136","1/11/13","Tim Vine","Tim Vine","Julia Zemiro",1,0.00796812749003984,1,0.00796812749003984,0.00796812749003984,"greater"
"""Jolly""",10,"17","136","1/11/13","Julia Zemiro","Julia Zemiro","Rob Brydon",1,0.115868127429697,0.99646589589539,0.119402231534306,0.119402231534306,"greater"
"""Just the Job""",10,"18","137","8/25/13","Jeremy Clarkson","Jeremy Clarkson","Jason Manford",1,0.260732841805589,0.959124382356275,0.301608459449315,0.301608459449315,"greater"
"""Just the Job""",10,"18","137","8/25/13","Jason Manford","Jason Manford","Sandi Toksvig",3,0.00448796950443614,0.999776230110483,0.00471173939395322,0.00471173939395322,"greater"
"""Just the Job""",10,"18","137","8/25/13","Sandi Toksvig","Sandi Toksvig","Jeremy Clarkson",2,0.123695082427773,0.974484935090327,0.149210147337446,0.149210147337446,"greater"
"""Knees and Knockers""",11,"1","138","9/6/13","David Mitchell","David Mitchell","Sara Pascoe",1,0.237314051392788,0.975051211157323,0.262262840235465,0.262262840235465,"greater"
"""Knees and Knockers""",11,"1","138","9/6/13","Sara Pascoe","Sara Pascoe","Jack Whitehall",2,0.000577074766565242,0.999998436111744,0.000578638654821516,0.000578638654821516,"greater"
"""Knees and Knockers""",11,"1","138","9/6/13","Jack Whitehall","Jack Whitehall","David Mitchell",1,0.287417085342824,0.952850119886535,0.334566965456289,0.334566965456289,"greater"
"""Kit and Kaboodle""",11,"2","139","9/13/13","Noel Fielding","Noel Fielding","Colin Lane",1,0.0119760479041916,1,0.0119760479041916,0.0119760479041916,"greater"
"""Kit and Kaboodle""",11,"2","139","9/13/13","Colin Lane","Colin Lane","Ross Noble",2,0.00748813411006638,0.999881907562422,0.00760622654764449,0.00760622654764449,"greater"
"""Kit and Kaboodle""",11,"2","139","9/13/13","Ross Noble","Ross Noble","Noel Fielding",1,0.0529531568228106,1,0.0529531568228106,0.0529531568228106,"greater"
"""K-Folk""",11,"3","140","9/20/13","Phill Jupitus","Phill Jupitus","Katherine Ryan",1,0.135593220338983,1,0.135593220338983,0.135593220338983,"greater"
"""K-Folk""",11,"3","140","9/20/13","Katherine Ryan","Katherine Ryan","Josh Widdicombe",1,0.016,1,0.016,0.016,"greater"
"""K-Folk""",11,"3","140","9/20/13","Josh Widdicombe","Josh Widdicombe","Phill Jupitus",2,0.0822232962183674,0.991590573068928,0.0906327231494397,0.0906327231494397,"greater"
"""Knits and Knots""",11,"4","141","9/27/13","David Mitchell","David Mitchell","Ross Noble",2,0.248161361024878,0.878175451747772,0.369985909277106,0.369985909277106,"greater"
"""Knits and Knots""",11,"4","141","9/27/13","Ross Noble","Ross Noble","Sue Perkins",4,0.00188902554069321,0.999872212985688,0.00201681255500528,0.00201681255500528,"greater"
"""Knits and Knots""",11,"4","141","9/27/13","Sue Perkins","Sue Perkins","David Mitchell",3,0.0793777088384508,0.979789485394574,0.0995882234438769,0.0995882234438769,"greater"
"""Kings""",11,"5","142","10/4/13","Bill Bailey","Bill Bailey","Jimmy Carr",5,0.186774667492745,0.789981386296915,0.39679328119583,0.39679328119583,"greater"
"""Kings""",11,"5","142","10/4/13","Jimmy Carr","Jimmy Carr","Jeremy Clarkson",1,0.358449772484478,0.564878436102771,0.793571336381707,0.564878436102771,"less"
"""Kings""",11,"5","142","10/4/13","Jeremy Clarkson","Jeremy Clarkson","Bill Bailey",3,0.162625892806876,0.925796656015843,0.236829236791033,0.236829236791033,"greater"
"""Killers""",11,"6","143","10/11/13","Jason Manford","Jason Manford","Trevor Noah",1,0.028169014084507,1,0.028169014084507,0.028169014084507,"greater"
"""Killers""",11,"6","143","10/11/13","Trevor Noah","Trevor Noah","Sandi Toksvig",1,0.0571428571428571,1,0.0571428571428571,0.0571428571428571,"greater"
"""Killers""",11,"6","143","10/11/13","Sandi Toksvig","Sandi Toksvig","Jason Manford",3,0.00448796950443614,0.999776230110483,0.00471173939395322,0.00471173939395322,"greater"
"""Knowledge""",11,"7","144","10/18/13","Jo Brand","Jo Brand","Jimmy Carr",7,0.0663204750423038,0.960107687879252,0.106212787163052,0.106212787163052,"greater"
"""Knowledge""",11,"7","144","10/18/13","Jimmy Carr","Jimmy Carr","Graham Linehan",1,0.117647058823529,1,0.117647058823529,0.117647058823529,"greater"
"""Knowledge""",11,"7","144","10/18/13","Graham Linehan","Graham Linehan","Jo Brand",1,0.14468085106383,1,0.14468085106383,0.14468085106383,"greater"
"""Keys""",11,"8","145","10/25/13","Bill Bailey","Bill Bailey","Tim Minchin",1,0.140127388535035,1,0.140127388535035,0.140127388535035,"greater"
"""Keys""",11,"8","145","10/25/13","Tim Minchin","Tim Minchin","Isy Suttie",1,0.00397614314115308,1,0.00397614314115308,0.00397614314115308,"greater"
"""Keys""",11,"8","145","10/25/13","Isy Suttie","Isy Suttie","Bill Bailey",1,0.140127388535033,1,0.140127388535033,0.140127388535033,"greater"
"""Kinetic""",11,"9","146","11/1/13","Danny Baker","Danny Baker","Jo Brand",2,0.236311659091758,0.904266692429814,0.332044966661945,0.332044966661945,"greater"
"""Kinetic""",11,"9","146","11/1/13","Jo Brand","Jo Brand","Marcus Brigstocke",1,0.249009373377423,0.979558932036182,0.269450441341241,0.269450441341241,"greater"
"""Kinetic""",11,"9","146","11/1/13","Marcus Brigstocke","Marcus Brigstocke","Danny Baker",1,0.0628107825176655,0.999084009421617,0.0637267730960482,0.0637267730960482,"greater"
"""Keeps""",11,"10","147","11/8/13","Bill Bailey","Bill Bailey","Jason Manford",2,0.198445616615696,0.939193814189917,0.259251802425779,0.259251802425779,"greater"
"""Keeps""",11,"10","147","11/8/13","Jason Manford","Jason Manford","Sarah Millican",1,0.12853016625954,0.993354570663017,0.135175595596523,0.135175595596523,"greater"
"""Keeps""",11,"10","147","11/8/13","Sarah Millican","Sarah Millican","Bill Bailey",1,0.389374196233523,0.853083466293442,0.536290729940081,0.536290729940081,"greater"
"""Kinky""",11,"11","148","11/29/13","Janet Street-Porter","Janet Street-Porter","Sandi Toksvig",1,0.0571428571428571,1,0.0571428571428571,0.0571428571428571,"greater"
"""Kinky""",11,"11","148","11/29/13","Sandi Toksvig","Sandi Toksvig","Johnny Vegas",2,0.0641063803743934,0.992680255440298,0.0714261249340956,0.0714261249340956,"greater"
"""Kinky""",11,"11","148","11/29/13","Johnny Vegas","Johnny Vegas","Janet Street-Porter",1,0.032258064516129,1,0.032258064516129,0.032258064516129,"greater"
"""Knights and Knaves""",11,"12","149","12/6/13","The Rev. Richard Coles","The Rev. Richard Coles","Victoria Coren Mitchell",1,0.0354927001005291,0.99971105283157,0.0357816472689586,0.0357816472689586,"greater"
"""Knights and Knaves""",11,"12","149","12/6/13","Victoria Coren Mitchell","Victoria Coren Mitchell","Sue Perkins",1,0.133964709863169,0.993571598151834,0.140393111711334,0.140393111711334,"greater"
"""Knights and Knaves""",11,"12","149","12/6/13","Sue Perkins","Sue Perkins","The Rev. Richard Coles",1,0.133964709863169,0.993571598151834,0.140393111711334,0.140393111711334,"greater"
"""Kitchen Sink""",11,"13","150","12/13/13","Jason Manford","Jason Manford","Richard Osman",1,0.0550803968525488,0.99931577146767,0.0557646253848785,0.0557646253848785,"greater"
"""Kitchen Sink""",11,"13","150","12/13/13","Richard Osman","Richard Osman","Victoria Wood",1,0.00796812749003984,1,0.00796812749003984,0.00796812749003984,"greater"
"""Kitchen Sink""",11,"13","150","12/13/13","Victoria Wood","Victoria Wood","Jason Manford",1,0.028169014084507,1,0.028169014084507,0.028169014084507,"greater"
"""Kris Kringle""(Christmas Special)",11,"14","151","12/13/13","Jo Brand","Jo Brand","Phill Jupitus",7,0.106311359252724,0.912419056640807,0.193892302611917,0.193892302611917,"greater"
"""Kris Kringle""(Christmas Special)",11,"14","151","12/29/13","Phill Jupitus","Phill Jupitus","Brendan O'Carroll",1,0.135593220338983,1,0.135593220338983,0.135593220338983,"greater"
"""Kris Kringle""(Christmas Special)",11,"14","151","12/29/13","Brendan O'Carroll","Brendan O'Carroll","Jo Brand",1,0.14468085106383,1,0.14468085106383,0.14468085106383,"greater"
"""Kitsch""",11,"15","152","1/10/14","Jimmy Carr","Jimmy Carr","Reginald D. Hunter",1,0.277845200531133,0.962535158982852,0.31531004154828,0.31531004154828,"greater"
"""Kitsch""",11,"15","152","1/10/14","Reginald D. Hunter","Reginald D. Hunter","Sue Perkins",1,0.133964709863169,0.993571598151834,0.140393111711334,0.140393111711334,"greater"
"""Kitsch""",11,"15","152","1/10/14","Sue Perkins","Sue Perkins","Jimmy Carr",2,0.272973288276641,0.837851724379412,0.435121563897229,0.435121563897229,"greater"
"""Kaleidoscope""",11,"16","153","1/17/14","Susan Calman","Susan Calman","Liza Tarbuck",1,0.0316770486262012,0.999806847264474,0.0318702013617268,0.0318702013617268,"greater"
"""Kaleidoscope""",11,"16","153","1/17/14","Liza Tarbuck","Liza Tarbuck","Sandi Toksvig",1,0.194810787107099,0.982750845674206,0.212059941432894,0.212059941432894,"greater"
"""Kaleidoscope""",11,"16","153","1/17/14","Sandi Toksvig","Sandi Toksvig","Susan Calman",2,0.00305039009796445,1,0.00305039009796445,0.00305039009796445,"greater"
"""L-Animals""",12,"1","154","10/3/14","Colin Lane","Colin Lane","Sarah Millican",1,0.0584230625834816,0.999034370177536,0.0593886924059459,0.0593886924059459,"greater"
"""L-Animals""",12,"1","154","10/3/14","Sarah Millican","Sarah Millican","Ross Noble",1,0.217626251452837,0.975970035361567,0.241656216091269,0.241656216091269,"greater"
"""L-Animals""",12,"1","154","10/3/14","Ross Noble","Ross Noble","Colin Lane",2,0.00748813411006639,0.999881907562422,0.00760622654764449,0.00760622654764449,"greater"
"""Location, Location, Location""",12,"2","155","10/10/14","Aisling Bea","Aisling Bea","Jason Manford",1,0.0550803968525488,0.99931577146767,0.0557646253848785,0.0557646253848785,"greater"
"""Location, Location, Location""",12,"2","155","10/10/14","Jason Manford","Jason Manford","Johnny Vegas",1,0.191597847875488,0.981938970361877,0.209658877513611,0.209658877513611,"greater"
"""Location, Location, Location""",12,"2","155","10/10/14","Johnny Vegas","Johnny Vegas","Aisling Bea",1,0.0628107825176655,0.999084009421617,0.0637267730960482,0.0637267730960482,"greater"
"""Literature""",12,"3","156","10/17/14","Victoria Coren Mitchell","Victoria Coren Mitchell","Lloyd Langford",1,0.0119760479041916,1,0.0119760479041916,0.0119760479041916,"greater"
"""Literature""",12,"3","156","10/17/14","Lloyd Langford","Lloyd Langford","Jack Whitehall",1,0.016,1,0.016,0.016,"greater"
"""Literature""",12,"3","156","10/17/14","Jack Whitehall","Jack Whitehall","Victoria Coren Mitchell",1,0.0470315934750672,0.999421361345178,0.0476102321298887,0.0476102321298887,"greater"
"""Levity""",12,"4","157","10/24/14","Sue Perkins","Sue Perkins","Frank Skinner",1,0.0933619270859309,0.997805595730886,0.0955563313550447,0.0955563313550447,"greater"
"""Levity""",12,"4","157","10/24/14","Frank Skinner","Frank Skinner","Josh Widdicombe",1,0.0316770486262012,0.999806847264474,0.0318702013617268,0.0318702013617268,"greater"
"""Levity""",12,"4","157","10/24/14","Josh Widdicombe","Josh Widdicombe","Sue Perkins",1,0.170801591110769,0.987446698609134,0.183354892501635,0.183354892501635,"greater"
"""Lenses""",12,"5","158","10/31/14","Jo Brand","Jo Brand","Phill Jupitus",7,0.106311359252724,0.912419056640807,0.193892302611917,0.193892302611917,"greater"
"""Lenses""",12,"5","158","10/31/14","Phill Jupitus","Phill Jupitus","Josh Widdicombe",2,0.0822232962183667,0.991590573068928,0.0906327231494391,0.0906327231494391,"greater"
"""Lenses""",12,"5","158","10/31/14","Josh Widdicombe","Josh Widdicombe","Jo Brand",1,0.367293645247148,0.897978948857912,0.469314696389235,0.469314696389235,"greater"
"""Liblabble""",12,"6","159","11/7/14","Bill Bailey","Bill Bailey","The Rev. Richard Coles",1,0.314220407363109,0.947422137352391,0.366798270010718,0.366798270010718,"greater"
"""Liblabble""",12,"6","159","11/7/14","The Rev. Richard Coles","The Rev. Richard Coles","Sara Pascoe",1,0.0354927001005291,0.99971105283157,0.0357816472689586,0.0357816472689586,"greater"
"""Liblabble""",12,"6","159","11/7/14","Sara Pascoe","Sara Pascoe","Bill Bailey",1,0.314220407363105,0.94742213735239,0.366798270010715,0.366798270010715,"greater"
"""Lethal""",12,"7","160","11/21/14","Bill Bailey","Bill Bailey","Jason Manford",2,0.198445616615696,0.939193814189917,0.259251802425779,0.259251802425779,"greater"
"""Lethal""",12,"7","160","11/21/14","Jason Manford","Jason Manford","Sandi Toksvig",3,0.00448796950443614,0.999776230110483,0.00471173939395322,0.00471173939395322,"greater"
"""Lethal""",12,"7","160","11/21/14","Sandi Toksvig","Sandi Toksvig","Bill Bailey",2,0.301947523883797,0.675870582189885,0.626076941693912,0.626076941693912,"greater"
"""Lovely""",12,"8","161","11/28/14","Aisling Bea","Aisling Bea","Tony Hawks",1,0.00796812749003984,1,0.00796812749003984,0.00796812749003984,"greater"
"""Lovely""",12,"8","161","11/28/14","Tony Hawks","Tony Hawks","Josh Widdicombe",1,0.016,1,0.016,0.016,"greater"
"""Lovely""",12,"8","161","11/28/14","Josh Widdicombe","Josh Widdicombe","Aisling Bea",1,0.0316770486262012,0.999806847264474,0.0318702013617268,0.0318702013617268,"greater"
"""Ladies and Gents""",12,"9","162","12/5/14","Kathy Lette","Kathy Lette","Ross Noble",1,0.0529531568228106,1,0.0529531568228106,0.0529531568228106,"greater"
"""Ladies and Gents""",12,"9","162","12/5/14","Ross Noble","Ross Noble","Sue Perkins",4,0.00188902554069321,0.999872212985688,0.00201681255500528,0.00201681255500528,"greater"
"""Ladies and Gents""",12,"9","162","12/5/14","Sue Perkins","Sue Perkins","Kathy Lette",1,0.0487804878048781,1,0.0487804878048781,0.0487804878048781,"greater"
"""Lying""",12,"10","163","12/12/14","Adam Hills","Adam Hills","Sara Pascoe",1,0.0119760479041916,1,0.0119760479041916,0.0119760479041916,"greater"
"""Lying""",12,"10","163","12/12/14","Sara Pascoe","Sara Pascoe","Jack Whitehall",2,0.000577074766565242,0.999998436111744,0.000578638654821516,0.000578638654821516,"greater"
"""Lying""",12,"10","163","12/12/14","Jack Whitehall","Jack Whitehall","Adam Hills",1,0.016,1,0.016,0.016,"greater"
"""Lumped Together""",12,"11","164","12/19/14","Ronni Ancona","Ronni Ancona","Jimmy Carr",1,0.385007728317526,0.849079543700259,0.535928184617267,0.535928184617267,"greater"
"""Lumped Together""",12,"11","164","12/19/14","Jimmy Carr","Jimmy Carr","David Mitchell",3,0.252915478122047,0.694704649690729,0.558210828431318,0.558210828431318,"greater"
"""Lumped Together""",12,"11","164","12/19/14","David Mitchell","David Mitchell","Ronni Ancona",2,0.0922661652069673,0.98699268583453,0.105273479372437,0.105273479372437,"greater"
"""No-L""(Christmas Special)",12,"12","165","12/25/14","Bill Bailey","Bill Bailey","Jimmy Carr",5,0.186774667492745,0.789981386296915,0.39679328119583,0.39679328119583,"greater"
"""No-L""(Christmas Special)",12,"12","165","12/25/14","Jimmy Carr","Jimmy Carr","Carrie Fisher",1,0.117647058823529,1,0.117647058823529,0.117647058823529,"greater"
"""No-L""(Christmas Special)",12,"12","165","12/25/14","Carrie Fisher","Carrie Fisher","Bill Bailey",1,0.140127388535033,1,0.140127388535033,0.140127388535033,"greater"
"""Lucky Losers""",12,"13","166","1/2/15","Danny Baker","Danny Baker","Jeremy Clarkson",2,0.0486787097340032,0.995483565254337,0.0531951444796661,0.0531951444796661,"greater"
"""Lucky Losers""",12,"13","166","1/2/15","Jeremy Clarkson","Jeremy Clarkson","Sandi Toksvig",2,0.123695082427773,0.974484935090327,0.149210147337446,0.149210147337446,"greater"
"""Lucky Losers""",12,"13","166","1/2/15","Sandi Toksvig","Sandi Toksvig","Danny Baker",1,0.312782778969568,0.928573875065904,0.384208903903664,0.384208903903664,"greater"
"""Little and Large""",12,"14","167","1/9/15","Phill Jupitus","Phill Jupitus","Richard Osman",1,0.235846670761226,0.982080277466671,0.253766393294555,0.253766393294555,"greater"
"""Little and Large""",12,"14","167","1/9/15","Richard Osman","Richard Osman","Lucy Porter",1,0.00796812749003984,1,0.00796812749003984,0.00796812749003984,"greater"
"""Little and Large""",12,"14","167","1/9/15","Lucy Porter","Lucy Porter","Phill Jupitus",1,0.135593220338981,1,0.135593220338981,0.135593220338981,"greater"
"""Long Lost""",12,"15","168","1/16/15","Jimmy Carr","Jimmy Carr","Claudia O'Doherty",1,0.117647058823529,1,0.117647058823529,0.117647058823529,"greater"
"""Long Lost""",12,"15","168","1/16/15","Claudia O'Doherty","Claudia O'Doherty","Suggs",1,0.00397614314115308,1,0.00397614314115308,0.00397614314115308,"greater"
"""Long Lost""",12,"15","168","1/16/15","Suggs","Suggs","Jimmy Carr",1,0.117647058823529,1,0.117647058823529,0.117647058823529,"greater"
"""Landmarks""",12,"16","169","1/23/15","Jo Brand","Jo Brand","Colin Lane",1,0.320989348878384,0.944086320230538,0.376903028647846,0.376903028647846,"greater"
"""Landmarks""",12,"16","169","1/23/15","Colin Lane","Colin Lane","David Mitchell",1,0.237314051392788,0.975051211157323,0.262262840235465,0.262262840235465,"greater"
"""Landmarks""",12,"16","169","1/23/15","David Mitchell","David Mitchell","Jo Brand",3,0.242038134560296,0.531620513289792,0.710417621270504,0.531620513289792,"less"
