Season,Episode,Title,Guests,Winner(s),Original airdate
1,1 (1),"""Adam""",Danny Baker,Danny Baker,9/11/03
1,1 (1),"""Adam""",Hugh Laurie,Danny Baker,9/11/03
1,1 (1),"""Adam""",John Sessions,Danny Baker,9/11/03
1,2 (2),"""Astronomy""",Bill Bailey,Rich Hall and Jeremy Hardy,9/18/03
1,2 (2),"""Astronomy""",Rich Hall,Rich Hall and Jeremy Hardy,9/18/03
1,2 (2),"""Astronomy""",Jeremy Hardy,Rich Hall and Jeremy Hardy,9/18/03
1,3 (3),"""Aquatic Animals""",Clive Anderson,Clive Anderson,9/25/03
1,3 (3),"""Aquatic Animals""",Bill Bailey,Clive Anderson,9/25/03
1,3 (3),"""Aquatic Animals""",Meera Syal,Clive Anderson,9/25/03
1,4 (4),"""Atoms""",Jo Brand,Jo Brand,10/2/03
1,4 (4),"""Atoms""",Howard Goodall,Jo Brand,10/2/03
1,4 (4),"""Atoms""",Jeremy Hardy,Jo Brand,10/2/03
1,5 (5),"""Advertising""",Gyles Brandreth,Gyles Brandreth,10/9/03
1,5 (5),"""Advertising""",Rob Brydon,Gyles Brandreth,10/9/03
1,5 (5),"""Advertising""",Rich Hall,Gyles Brandreth,10/9/03
1,6 (6),"""Antidotes""",Danny Baker,Danny Baker,10/16/03
1,6 (6),"""Antidotes""",Jo Brand,Danny Baker,10/16/03
1,6 (6),"""Antidotes""",Howard Goodall,Danny Baker,10/16/03
1,7 (7),"""Arthropods""",Jo Brand,Jackie Clune,10/23/03
1,7 (7),"""Arthropods""",Jimmy Carr,Jackie Clune,10/23/03
1,7 (7),"""Arthropods""",Jackie Clune,Jackie Clune,10/23/03
1,8 (8),"""Albania""",Clive Anderson,Clive Anderson,10/30/03
1,8 (8),"""Albania""",Sean Lock,Clive Anderson,10/30/03
1,8 (8),"""Albania""",Linda Smith,Clive Anderson,10/30/03
1,9 (9),"""Africa""",Jo Brand,Dave Gorman,11/6/03
1,9 (9),"""Africa""",Dave Gorman,Dave Gorman,11/6/03
1,9 (9),"""Africa""",Jeremy Hardy,Dave Gorman,11/6/03
1,10 (10),"""Aviation""",Rich Hall,Alan Davies,11/13/03
1,10 (10),"""Aviation""",Julia Morris,Alan Davies,11/13/03
1,10 (10),"""Aviation""",Peter Serafinowicz,Alan Davies,11/13/03
1,11 (11),"""Arts""",Bill Bailey,Richard E. Grant,11/20/03
1,11 (11),"""Arts""",Richard E. Grant,Richard E. Grant,11/20/03
1,11 (11),"""Arts""",Linda Smith,Richard E. Grant,11/20/03
1,12 (12),"""Advent""(Christmas Special)",Phill Jupitus,John Sessions,12/23/03
1,12 (12),"""Advent""(Christmas Special)",Sean Lock,John Sessions,12/23/03
1,12 (12),"""Advent""(Christmas Special)",John Sessions,John Sessions,12/23/03
2,1 (13),"""Blue""",Bill Bailey,Sean Lock,10/8/04
2,1 (13),"""Blue""",Jo Brand,Sean Lock,10/8/04
2,1 (13),"""Blue""",Sean Lock,Sean Lock,10/8/04
2,2 (14),"""Birds""",Jo Brand,Rich Hall,10/8/04
2,2 (14),"""Birds""",Rich Hall,Rich Hall,10/8/04
2,2 (14),"""Birds""",Phil Kay,Rich Hall,10/8/04
2,3 (15),"""Bombs""",Clive Anderson,Phill Jupitus,10/15/04
2,3 (15),"""Bombs""",Rich Hall,Phill Jupitus,10/15/04
2,3 (15),"""Bombs""",Phill Jupitus,Phill Jupitus,10/15/04
2,4 (16),"""Bible""",Jeremy Clarkson,Jeremy Clarkson,10/22/04
2,4 (16),"""Bible""",Barry Cryer,Jeremy Clarkson,10/22/04
2,4 (16),"""Bible""",Jeremy Hardy,Jeremy Clarkson,10/22/04
2,5 (17),"""Bears""",Bill Bailey,Jimmy Carr,10/29/04
2,5 (17),"""Bears""",Jo Brand,Jimmy Carr,10/29/04
2,5 (17),"""Bears""",Jimmy Carr,Jimmy Carr,10/29/04
2,6 (18),"""Beavers""",Bill Bailey,Anneka Rice,11/5/04
2,6 (18),"""Beavers""",Sean Lock,Anneka Rice,11/5/04
2,6 (18),"""Beavers""",Anneka Rice,Anneka Rice,11/5/04
2,7 (19),"""Biscuits""",Rich Hall,Dara Ó Briain,11/12/04
2,7 (19),"""Biscuits""",Dara Ó Briain,Dara Ó Briain,11/12/04
2,7 (19),"""Biscuits""",Arthur Smith,Dara Ó Briain,11/12/04
2,8 (20),"""Bees""",Jo Brand,Rich Hall,11/19/04
2,8 (20),"""Bees""",Rich Hall,Rich Hall,11/19/04
2,8 (20),"""Bees""",Fred MacAulay,Rich Hall,11/19/04
2,9 (21),"""Bats""",Rich Hall,Rich Hall and Josie Lawrence,11/26/04
2,9 (21),"""Bats""",Josie Lawrence,Rich Hall and Josie Lawrence,11/26/04
2,9 (21),"""Bats""",John Sessions,Rich Hall and Josie Lawrence,11/26/04
2,10 (22),"""Bills""",Clive Anderson,Clive Anderson,12/3/04
2,10 (22),"""Bills""",Phil Kay,Clive Anderson,12/3/04
2,10 (22),"""Bills""",John Sessions,Clive Anderson,12/3/04
2,11 (23),"""Beats""",Mark Gatiss,Linda Smith,12/10/04
2,11 (23),"""Beats""",Sean Lock,Linda Smith,12/10/04
2,11 (23),"""Beats""",Linda Smith,Linda Smith,12/10/04
2,12 (24),"""Birth""(Christmas Special)",Rich Hall,Rich Hall,12/17/04
2,12 (24),"""Birth""(Christmas Special)",Phill Jupitus,Rich Hall,12/17/04
2,12 (24),"""Birth""(Christmas Special)",Mark Steel,Rich Hall,12/17/04
3,1 (25),"""Campanology""",Bill Bailey,Rich Hall,9/30/05
3,1 (25),"""Campanology""",Rob Brydon,Rich Hall,9/30/05
3,1 (25),"""Campanology""",Rich Hall,Rich Hall,9/30/05
3,2 (26),"""Cummingtonite""",Andy Hamilton,Andy Hamilton,9/30/05
3,2 (26),"""Cummingtonite""",Doon Mackichan,Andy Hamilton,9/30/05
3,2 (26),"""Cummingtonite""",Arthur Smith,Andy Hamilton,9/30/05
3,3 (27),"""Common Knowledge""",Jimmy Carr,Rory McGrath,10/7/05
3,3 (27),"""Common Knowledge""",Sean Lock,Rory McGrath,10/7/05
3,3 (27),"""Common Knowledge""",Rory McGrath,Rory McGrath,10/7/05
3,4 (28),"""Cheating""",Alexander Armstrong,Alexander Armstrong,10/14/05
3,4 (28),"""Cheating""",Jeremy Clarkson,Alexander Armstrong,10/14/05
3,4 (28),"""Cheating""",John Sessions,Alexander Armstrong,10/14/05
3,5 (29),"""Cat's Eyes""",Jo Brand,Sean Lock,10/21/05
3,5 (29),"""Cat's Eyes""",Rich Hall,Sean Lock,10/21/05
3,5 (29),"""Cat's Eyes""",Sean Lock,Sean Lock,10/21/05
3,6 (30),"""Cockneys""",Bill Bailey,Bill Bailey,10/28/05
3,6 (30),"""Cockneys""",Phill Jupitus,Bill Bailey,10/28/05
3,6 (30),"""Cockneys""",Rory McGrath,Bill Bailey,10/28/05
3,7 (31),"""Constellations""",Jeremy Clarkson,Jeremy Clarkson,11/4/05
3,7 (31),"""Constellations""",Rich Hall,Jeremy Clarkson,11/4/05
3,7 (31),"""Constellations""",Sean Lock,Jeremy Clarkson,11/4/05
3,8 (32),"""Corby""",Bill Bailey,David Mitchell,11/11/05
3,8 (32),"""Corby""",Phill Jupitus,David Mitchell,11/11/05
3,8 (32),"""Corby""",David Mitchell,David Mitchell,11/11/05
3,9 (33),"""Creatures""",Helen Atkinson-Wood,Helen Atkinson-Wood,11/18/05
3,9 (33),"""Creatures""",Bill Bailey,Helen Atkinson-Wood,11/18/05
3,9 (33),"""Creatures""",Andy Hamilton,Helen Atkinson-Wood,11/18/05
3,10 (34),"""Cleve Crudgington""",Clive Anderson,Mark Steel,11/25/05
3,10 (34),"""Cleve Crudgington""",John Sessions,Mark Steel,11/25/05
3,10 (34),"""Cleve Crudgington""",Mark Steel,Mark Steel,11/25/05
3,11 (35),"""Carnival""",Clive Anderson,Clive Anderson,12/2/05
3,11 (35),"""Carnival""",Jo Brand,Clive Anderson,12/2/05
3,11 (35),"""Carnival""",Phill Jupitus,Clive Anderson,12/2/05
3,12 (36),"""Combustion""",Bill Bailey,Bill Bailey,12/9/05
3,12 (36),"""Combustion""",Phill Jupitus,Bill Bailey,12/9/05
3,12 (36),"""Combustion""",Dara Ó Briain,Bill Bailey,12/9/05
4,1 (37),"""Danger""",Jo Brand,Jo Brand,9/29/06
4,1 (37),"""Danger""",Jimmy Carr,Jo Brand,9/29/06
4,1 (37),"""Danger""",Sean Lock,Jo Brand,9/29/06
4,2 (38),"""Discoveries""",Clive Anderson,Vic Reeves,9/29/06
4,2 (38),"""Discoveries""",Vic Reeves,Vic Reeves,9/29/06
4,2 (38),"""Discoveries""",Arthur Smith,Vic Reeves,9/29/06
4,3 (39),"""Dogs""",Jeremy Clarkson,Neil Mullarkey,10/6/06
4,3 (39),"""Dogs""",Neil Mullarkey,Neil Mullarkey,10/6/06
4,3 (39),"""Dogs""",Liza Tarbuck,Neil Mullarkey,10/6/06
4,4 (40),"""Dictionaries""",Ronni Ancona,Ronni Ancona,10/13/06
4,4 (40),"""Dictionaries""",Rory Bremner,Ronni Ancona,10/13/06
4,4 (40),"""Dictionaries""",Phill Jupitus,Ronni Ancona,10/13/06
4,5 (41),"""Death""(Hallowe'en Special)",Clive Anderson,The Audience,10/20/06
4,5 (41),"""Death""(Hallowe'en Special)",Sean Lock,The Audience,10/20/06
4,5 (41),"""Death""(Hallowe'en Special)",Andy Parsons,The Audience,10/20/06
4,6 (42),"""Drinks""",Jimmy Carr,Alan Davies,10/27/06
4,6 (42),"""Drinks""",Phill Jupitus,Alan Davies,10/27/06
4,6 (42),"""Drinks""",John Sessions,Alan Davies,10/27/06
4,7 (43),"""Differences""",Jo Brand,Dara Ó Briain,11/3/06
4,7 (43),"""Differences""",Julian Clary,Dara Ó Briain,11/3/06
4,7 (43),"""Differences""",Dara Ó Briain,Dara Ó Briain,11/3/06
4,8 (44),"""Descendants""(Children in Need Special)",Rich Hall,Jonathan Ross,11/10/06
4,8 (44),"""Descendants""(Children in Need Special)",Phill Jupitus,Jonathan Ross,11/10/06
4,8 (44),"""Descendants""(Children in Need Special)",Jonathan Ross,Jonathan Ross,11/10/06
4,9 (45),"""Doves""",Andy Hamilton,Alan Davies,11/17/06
4,9 (45),"""Doves""",David Mitchell,Alan Davies,11/17/06
4,9 (45),"""Doves""",John Sessions,Alan Davies,11/17/06
4,10 (46),"""Divination""",Graeme Garden,Graeme Garden,11/24/06
4,10 (46),"""Divination""",Phill Jupitus,Graeme Garden,11/24/06
4,10 (46),"""Divination""",Johnny Vaughan,Graeme Garden,11/24/06
4,11 (47),"""Denial and Deprivation""",Roger McGough,Roger McGough and Vic Reeves,12/1/06
4,11 (47),"""Denial and Deprivation""",Vic Reeves,Roger McGough and Vic Reeves,12/1/06
4,11 (47),"""Denial and Deprivation""",Mark Steel,Roger McGough and Vic Reeves,12/1/06
4,12 (48),"""Domesticity""",Jo Brand,Jessica Stevenson,12/8/06
4,12 (48),"""Domesticity""",Phill Jupitus,Jessica Stevenson,12/8/06
4,12 (48),"""Domesticity""",Jessica Stevenson,Jessica Stevenson,12/8/06
4,13 (49),"""December""(Christmas Special)",Jo Brand,Dara Ó Briain,12/15/06
4,13 (49),"""December""(Christmas Special)",Rich Hall,Dara Ó Briain,12/15/06
4,13 (49),"""December""(Christmas Special)",Dara Ó Briain,Dara Ó Briain,12/15/06
5,1 (50),"""Engineering""",Bill Bailey,Rob Brydon,9/21/07
5,1 (50),"""Engineering""",Rob Brydon,Rob Brydon,9/21/07
5,1 (50),"""Engineering""",Jimmy Carr,Rob Brydon,9/21/07
5,2 (51),"""Electricity""",Jo Brand,Jo Brand,9/21/07
5,2 (51),"""Electricity""",Rich Hall,Jo Brand,9/21/07
5,2 (51),"""Electricity""",Sean Lock,Jo Brand,9/21/07
5,3 (52),"""Eating""",Jimmy Carr,Alan Davies,9/28/07
5,3 (52),"""Eating""",Phill Jupitus,Alan Davies,9/28/07
5,3 (52),"""Eating""",Johnny Vegas,Alan Davies,9/28/07
5,4 (53),"""Exploration""",Bill Bailey,Rich Hall,10/5/07
5,4 (53),"""Exploration""",Rich Hall,Rich Hall,10/5/07
5,4 (53),"""Exploration""",Sean Lock,Rich Hall,10/5/07
5,5 (54),"""Europe""",Phill Jupitus,Phill Jupitus,10/12/07
5,5 (54),"""Europe""",David Mitchell,Phill Jupitus,10/12/07
5,5 (54),"""Europe""",Dara Ó Briain,Phill Jupitus,10/12/07
5,6 (55),"""Everything, Etc.""",Clive Anderson,Vic Reeves,10/19/07
5,6 (55),"""Everything, Etc.""",Jeremy Clarkson,Vic Reeves,10/19/07
5,6 (55),"""Everything, Etc.""",Vic Reeves,Vic Reeves,10/19/07
5,7 (56),"""Espionage""",Clive Anderson,Clive Anderson and Vic Reeves,10/26/07
5,7 (56),"""Espionage""",Jo Brand,Clive Anderson and Vic Reeves,10/26/07
5,7 (56),"""Espionage""",Vic Reeves,Clive Anderson and Vic Reeves,10/26/07
5,8 (57),"""Eyes and Ears""",Jimmy Carr,Alan Davies,11/2/07
5,8 (57),"""Eyes and Ears""",Phill Jupitus,Alan Davies,11/2/07
5,8 (57),"""Eyes and Ears""",David Mitchell,Alan Davies,11/2/07
5,9 (58),"""Entertainment""(Children in Need Special)",Bill Bailey,Jeremy Clarkson,11/9/07
5,9 (58),"""Entertainment""(Children in Need Special)",Jo Brand,Jeremy Clarkson,11/9/07
5,9 (58),"""Entertainment""(Children in Need Special)",Jeremy Clarkson,Jeremy Clarkson,11/9/07
5,10 (59),"""England""",Charlie Higson,The Audience,11/16/07
5,10 (59),"""England""",Phill Jupitus,The Audience,11/16/07
5,10 (59),"""England""",Sean Lock,The Audience,11/16/07
5,11 (60),"""Endings""",Jimmy Carr,Jimmy Carr and Dara Ó Briain,11/23/07
5,11 (60),"""Endings""",Doon Mackichan,Jimmy Carr and Dara Ó Briain,11/23/07
5,11 (60),"""Endings""",Dara Ó Briain,Jimmy Carr and Dara Ó Briain,11/23/07
5,12 (61),"""Empire""(Christmas Special)",Bill Bailey,Alan Davies,12/7/07
5,12 (61),"""Empire""(Christmas Special)",Jo Brand,Alan Davies,12/7/07
5,12 (61),"""Empire""(Christmas Special)",Sean Lock,Alan Davies,12/7/07
6,1 (62),"""Families""(Children in Need Special)",Ronni Ancona,Ronni Ancona,11/14/08
6,1 (62),"""Families""(Children in Need Special)",David Mitchell,Ronni Ancona,11/14/08
6,1 (62),"""Families""(Children in Need Special)",Sir Terry Wogan,Ronni Ancona,11/14/08
6,2 (63),"""Fire and Freezing""(Christmas Special)",Clive Anderson,Clive Anderson,12/22/08
6,2 (63),"""Fire and Freezing""(Christmas Special)",Rob Brydon,Clive Anderson,12/22/08
6,2 (63),"""Fire and Freezing""(Christmas Special)",Dom Joly,Clive Anderson,12/22/08
6,3 (64),"""Flotsam and Jetsam""",Rob Brydon,Charlie Higson,1/9/09
6,3 (64),"""Flotsam and Jetsam""",Andy Hamilton,Charlie Higson,1/9/09
6,3 (64),"""Flotsam and Jetsam""",Charlie Higson,Charlie Higson,1/9/09
6,4 (65),"""Fight or Flight""",Pam Ayres,Pam Ayres,1/16/09
6,4 (65),"""Fight or Flight""",Sean Lock,Pam Ayres,1/16/09
6,4 (65),"""Fight or Flight""",Johnny Vegas,Pam Ayres,1/16/09
6,5 (66),"""France""",Jo Brand,Hugh Dennis,1/23/09
6,5 (66),"""France""",Hugh Dennis,Hugh Dennis,1/23/09
6,5 (66),"""France""",Phill Jupitus,Hugh Dennis,1/23/09
6,6 (67),"""Fakes and Frauds""",Marcus Brigstocke,Sean Lock,1/30/09
6,6 (67),"""Fakes and Frauds""",Jimmy Carr,Sean Lock,1/30/09
6,6 (67),"""Fakes and Frauds""",Sean Lock,Sean Lock,1/30/09
6,7 (68),"""Fingers and Fumbs""",Jo Brand,Phill Jupitus,2/6/09
6,7 (68),"""Fingers and Fumbs""",Phill Jupitus,Phill Jupitus,2/6/09
6,7 (68),"""Fingers and Fumbs""",Dara Ó Briain,Phill Jupitus,2/6/09
6,8 (69),"""Fashion""",Clive Anderson,Rich Hall,2/13/09
6,8 (69),"""Fashion""",Rich Hall,Rich Hall,2/13/09
6,8 (69),"""Fashion""",Reginald D. Hunter,Rich Hall,2/13/09
6,9 (70),"""The Future""",Rob Brydon,Ben Miller,2/20/09
6,9 (70),"""The Future""",Sean Lock,Ben Miller,2/20/09
6,9 (70),"""The Future""",Ben Miller,Ben Miller,2/20/09
6,10 (71),"""Flora and Fauna""",Jo Brand,The Audience,2/27/09
6,10 (71),"""Flora and Fauna""",Jimmy Carr,The Audience,2/27/09
6,10 (71),"""Flora and Fauna""",John Sergeant,The Audience,2/27/09
6,11 (72),"""Films and Fame""",David Mitchell,Alan Davies,3/6/09
6,11 (72),"""Films and Fame""",John Sessions,Alan Davies,3/6/09
6,11 (72),"""Films and Fame""",Emma Thompson,Alan Davies,3/6/09
6,12 (73),"""Food""",Jimmy Carr,David Mitchell,3/20/09
6,12 (73),"""Food""",Rich Hall,David Mitchell,3/20/09
6,12 (73),"""Food""",David Mitchell,David Mitchell,3/20/09
7,1 (74),"""Gardens""",Rob Brydon,David Mitchell and Dara Ó Briain,11/26/09
7,1 (74),"""Gardens""",David Mitchell,David Mitchell and Dara Ó Briain,11/26/09
7,1 (74),"""Gardens""",Dara Ó Briain,David Mitchell and Dara Ó Briain,11/26/09
7,2 (75),"""G-Animals""",Bill Bailey,John Hodgman,12/3/09
7,2 (75),"""G-Animals""",John Hodgman,John Hodgman,12/3/09
7,2 (75),"""G-Animals""",Sean Lock,John Hodgman,12/3/09
7,2 (75),"""G-Animals""",Sandi Toksvig,John Hodgman,12/3/09
7,3 (76),"""Games""",Phill Jupitus,Liza Tarbuck,12/10/09
7,3 (76),"""Games""",Sean Lock,Liza Tarbuck,12/10/09
7,3 (76),"""Games""",Liza Tarbuck,Liza Tarbuck,12/10/09
7,4 (77),"""Geography""",Jo Brand,Alan Davies,12/17/09
7,4 (77),"""Geography""",Rob Brydon,Alan Davies,12/17/09
7,4 (77),"""Geography""",Jimmy Carr,Alan Davies,12/17/09
7,5 (78),"""Groovy""(Christmas Special)",Bill Bailey,Alan Davies,12/24/09
7,5 (78),"""Groovy""(Christmas Special)",Lee Mack,Alan Davies,12/24/09
7,5 (78),"""Groovy""(Christmas Special)",David Tennant,Alan Davies,12/24/09
7,6 (79),"""Genius""",David Mitchell,Alan Davies,1/1/10
7,6 (79),"""Genius""",Graham Norton,Alan Davies,1/1/10
7,6 (79),"""Genius""",Dara Ó Briain,Alan Davies,1/1/10
7,7 (80),"""Girls and Boys""",Ronni Ancona,The Girls,1/8/10
7,7 (80),"""Girls and Boys""",Jack Dee,The Girls,1/8/10
7,7 (80),"""Girls and Boys""",Sandi Toksvig,The Girls,1/8/10
7,8 (81),"""Germany""",Jo Brand,Jo Brand,1/15/10
7,8 (81),"""Germany""",Rob Brydon,Jo Brand,1/15/10
7,8 (81),"""Germany""",Sean Lock,Jo Brand,1/15/10
7,9 (82),"""Gallimaufrey""",Hugh Dennis,Hugh Dennis,1/22/10
7,9 (82),"""Gallimaufrey""",Andy Hamilton,Hugh Dennis,1/22/10
7,9 (82),"""Gallimaufrey""",Phill Jupitus,Hugh Dennis,1/22/10
7,10 (83),"""Greats""",Jo Brand,David Mitchell,1/29/10
7,10 (83),"""Greats""",Sean Lock,David Mitchell,1/29/10
7,10 (83),"""Greats""",David Mitchell,David Mitchell,1/29/10
7,11 (84),"""Gifts""",Clive Anderson,Jan Ravens,2/5/10
7,11 (84),"""Gifts""",Jimmy Carr,Jan Ravens,2/5/10
7,11 (84),"""Gifts""",Jan Ravens,Jan Ravens,2/5/10
7,12 (85),"""Gravity""",Bill Bailey,Alan Davies and Rich Hall,2/12/10
7,12 (85),"""Gravity""",Rich Hall,Alan Davies and Rich Hall,2/12/10
7,12 (85),"""Gravity""",Barry Humphries,Alan Davies and Rich Hall,2/12/10
7,13 (86),"""Gothic""",Jimmy Carr,Alan Davies and Jack Dee,2/19/10
7,13 (86),"""Gothic""",Jack Dee,Alan Davies and Jack Dee,2/19/10
7,13 (86),"""Gothic""",Sue Perkins,Alan Davies and Jack Dee,2/19/10
7,14 (87),"""Greeks""",Clive Anderson,Clive Anderson,3/5/10
7,14 (87),"""Greeks""",Rich Hall,Clive Anderson,3/5/10
7,14 (87),"""Greeks""",Phill Jupitus,Clive Anderson,3/5/10
7,15 (88),"""Green""",Bill Bailey,Bill Bailey,3/26/10
7,15 (88),"""Green""",Danny Baker,Bill Bailey,3/26/10
7,15 (88),"""Green""",Jeremy Clarkson,Bill Bailey,3/26/10
7,16 (89),"""Geometry""",Rob Brydon,Alan Davies,4/2/10
7,16 (89),"""Geometry""",David Mitchell,Alan Davies,4/2/10
7,16 (89),"""Geometry""",Johnny Vegas,Alan Davies,4/2/10
8,1 (90),"""Hodge Podge""",Jack Dee,Jack Dee,9/17/10
8,1 (90),"""Hodge Podge""",Phill Jupitus,Jack Dee,9/17/10
8,1 (90),"""Hodge Podge""",Ross Noble,Jack Dee,9/17/10
8,2 (91),"""Hanatomy""",Bill Bailey,Gyles Brandreth and Sue Perkins,9/24/10
8,2 (91),"""Hanatomy""",Gyles Brandreth,Gyles Brandreth and Sue Perkins,9/24/10
8,2 (91),"""Hanatomy""",Sue Perkins,Gyles Brandreth and Sue Perkins,9/24/10
8,3 (92),"""Hoaxes""",Danny Baker,Sean Lock,10/1/10
8,3 (92),"""Hoaxes""",Sean Lock,Sean Lock,10/1/10
8,3 (92),"""Hoaxes""",David Mitchell,Sean Lock,10/1/10
8,4 (93),"""Humans""",Jo Brand,Jo Brand,10/8/10
8,4 (93),"""Humans""",Jimmy Carr,Jo Brand,10/8/10
8,4 (93),"""Humans""",Jack Dee,Jo Brand,10/8/10
8,5 (94),"""Hanimals""",Sean Lock,Ross Noble,10/15/10
8,5 (94),"""Hanimals""",Ross Noble,Ross Noble,10/15/10
8,5 (94),"""Hanimals""",Ruby Wax,Ross Noble,10/15/10
8,6 (95),"""Happiness""",Rich Hall,Phill Jupitus,10/22/10
8,6 (95),"""Happiness""",Andy Hamilton,Phill Jupitus,10/22/10
8,6 (95),"""Happiness""",Phill Jupitus,Phill Jupitus,10/22/10
8,7 (96),"""Horrible""(Halloween Special)",Chris Addison,Dara Ó Briain,10/29/10
8,7 (96),"""Horrible""(Halloween Special)",Sean Lock,Dara Ó Briain,10/29/10
8,7 (96),"""Horrible""(Halloween Special)",Dara Ó Briain,Dara Ó Briain,10/29/10
8,8 (97),"""Hypothetical""",John Lloyd,Sandi Toksvig,11/5/10
8,8 (97),"""Hypothetical""",Sandi Toksvig,Sandi Toksvig,11/5/10
8,8 (97),"""Hypothetical""",Johnny Vegas,Sandi Toksvig,11/5/10
8,9 (98),"""House and Home""",Bill Bailey,Bill Bailey,11/12/10
8,9 (98),"""House and Home""",Danny Baker,Bill Bailey,11/12/10
8,9 (98),"""House and Home""",Eddie Izzard,Bill Bailey,11/12/10
8,10 (99),"""Health and Safety""",Jeremy Clarkson,David Mitchell,11/26/10
8,10 (99),"""Health and Safety""",David Mitchell,David Mitchell,11/26/10
8,10 (99),"""Health and Safety""",Ross Noble,David Mitchell,11/26/10
8,11 (100),"""Highs and Lows""",Rob Brydon,Fred MacAulay,12/3/10
8,11 (100),"""Highs and Lows""",Fred MacAulay,Fred MacAulay,12/3/10
8,11 (100),"""Highs and Lows""",Sandi Toksvig,Fred MacAulay,12/3/10
8,12 (101),"""Horses & Hunting""",Clare Balding,Clare Balding,12/10/10
8,12 (101),"""Horses & Hunting""",Jimmy Carr,Clare Balding,12/10/10
8,12 (101),"""Horses & Hunting""",Dara Ó Briain,Clare Balding,12/10/10
8,13 (102),"""Holidays""",Bill Bailey,Rob Brydon,12/17/10
8,13 (102),"""Holidays""",Rob Brydon,Rob Brydon,12/17/10
8,13 (102),"""Holidays""",Rich Hall,Rob Brydon,12/17/10
8,14 (103),"""Hocus Pocus""(Christmas Special)",Lee Mack,Daniel Radcliffe,12/24/10
8,14 (103),"""Hocus Pocus""(Christmas Special)",Graham Norton,Daniel Radcliffe,12/24/10
8,14 (103),"""Hocus Pocus""(Christmas Special)",Daniel Radcliffe,Daniel Radcliffe,12/24/10
8,15 (104),"""Hypnosis, Hallucinations & Hysteria""",Ronni Ancona,Phill Jupitus,1/7/11
8,15 (104),"""Hypnosis, Hallucinations & Hysteria""",Phill Jupitus,Phill Jupitus,1/7/11
8,15 (104),"""Hypnosis, Hallucinations & Hysteria""",Robert Webb,Phill Jupitus,1/7/11
8,16 (105),"""History""",Rob Brydon,Rob Brydon,1/14/11
8,16 (105),"""History""",David Mitchell,Rob Brydon,1/14/11
8,16 (105),"""History""",Sandi Toksvig,Rob Brydon,1/14/11
9,1 (106),"""I-Spy""",Jimmy Carr,Sandi Toksvig,9/9/11
9,1 (106),"""I-Spy""",Lee Mack,Sandi Toksvig,9/9/11
9,1 (106),"""I-Spy""",Sandi Toksvig,Sandi Toksvig,9/9/11
9,2 (107),"""International""",Bill Bailey,Bill Bailey,9/16/11
9,2 (107),"""International""",Jack Dee,Bill Bailey,9/16/11
9,2 (107),"""International""",David Mitchell,Bill Bailey,9/16/11
9,3 (108),"""Imbroglio""",John Bishop,John Bishop and Frank Skinner,9/23/11
9,3 (108),"""Imbroglio""",Sean Lock,John Bishop and Frank Skinner,9/23/11
9,3 (108),"""Imbroglio""",Frank Skinner,John Bishop and Frank Skinner,9/23/11
9,4 (109),"""Indecision""",Jimmy Carr,Phill Jupitus,9/30/11
9,4 (109),"""Indecision""",Rich Hall,Phill Jupitus,9/30/11
9,4 (109),"""Indecision""",Phill Jupitus,Phill Jupitus,9/30/11
9,5 (110),"""Invertebrates""",Jimmy Carr,Johnny Vegas,10/7/11
9,5 (110),"""Invertebrates""",Sarah Millican,Johnny Vegas,10/7/11
9,5 (110),"""Invertebrates""",Johnny Vegas,Johnny Vegas,10/7/11
9,6 (111),"""Inventive""",Bill Bailey,Nina Conti,10/14/11
9,6 (111),"""Inventive""",Nina Conti,Nina Conti,10/14/11
9,6 (111),"""Inventive""",Sean Lock,Nina Conti,10/14/11
9,7 (112),"""Incomprehensible""",Prof. Brian Cox,Prof. Brian Cox,10/21/11
9,7 (112),"""Incomprehensible""",Ross Noble,Prof. Brian Cox,10/21/11
9,7 (112),"""Incomprehensible""",Sue Perkins,Prof. Brian Cox,10/21/11
9,8 (113),"""Inequality""",Clive Anderson,NA,10/28/11
9,8 (113),"""Inequality""",Sandi Toksvig,NA,10/28/11
9,8 (113),"""Inequality""",Henning Wehn,NA,10/28/11
9,9 (114),"""Illness""",Jo Brand,Andy Hamilton,11/4/11
9,9 (114),"""Illness""",Dr. Ben Goldacre,Andy Hamilton,11/4/11
9,9 (114),"""Illness""",Andy Hamilton,Andy Hamilton,11/4/11
9,10 (115),"""Inland Revenue""",Al Murray,Sandi Toksvig,11/11/11
9,10 (115),"""Inland Revenue""",Dara Ó Briain,Sandi Toksvig,11/11/11
9,10 (115),"""Inland Revenue""",Sandi Toksvig,Sandi Toksvig,11/11/11
9,11 (116),"""Infantile""",Ronni Ancona,Dave Gorman,12/29/11
9,11 (116),"""Infantile""",Dave Gorman,Dave Gorman,12/29/11
9,11 (116),"""Infantile""",Lee Mack,Dave Gorman,12/29/11
9,12 (117),"""Illumination""",Chris Addison,Rich Hall,11/25/11
9,12 (117),"""Illumination""",Jack Dee,Rich Hall,11/25/11
9,12 (117),"""Illumination""",Rich Hall,Rich Hall,11/25/11
9,13 (118),"""Intelligence""",Jo Brand,ASIMO,12/2/11
9,13 (118),"""Intelligence""",Phill Jupitus,ASIMO,12/2/11
9,13 (118),"""Intelligence""",David Mitchell,ASIMO,12/2/11
9,16 (119),"""Ice""(Christmas Special)",Brian Blessed,Alan Davies,12/29/11
9,16 (119),"""Ice""(Christmas Special)",Sean Lock,Alan Davies,12/29/11
9,16 (119),"""Ice""(Christmas Special)",Ross Noble,Alan Davies,12/29/11
9,17 (120),"""The Immortal Bard""",Bill Bailey,David Mitchell,4/27/12
9,17 (120),"""The Immortal Bard""",David Mitchell,David Mitchell,4/27/12
9,17 (120),"""The Immortal Bard""",Sue Perkins,David Mitchell,4/27/12
9,18 (121),"""Idleness""",Jeremy Clarkson,Alan Davies,5/4/12
9,18 (121),"""Idleness""",Ross Noble,Alan Davies,5/4/12
9,18 (121),"""Idleness""",Dara Ó Briain,Alan Davies,5/4/12
10,1 (122),"""Jargon""",Bill Bailey,Victoria Coren,9/14/12
10,1 (122),"""Jargon""",Jimmy Carr,Victoria Coren,9/14/12
10,1 (122),"""Jargon""",Victoria Coren,Victoria Coren,9/14/12
10,2 (123),"""Jam, Jelly and Juice""",Jo Brand,Alan Davies,9/21/12
10,2 (123),"""Jam, Jelly and Juice""",Sue Perkins,Alan Davies,9/21/12
10,2 (123),"""Jam, Jelly and Juice""",Liza Tarbuck,Alan Davies,9/21/12
10,3 (124),"""Journeys""",Rob Brydon,Alan Davies,9/28/12
10,3 (124),"""Journeys""",Phill Jupitus,Alan Davies,9/28/12
10,3 (124),"""Journeys""",Cal Wilson,Alan Davies,9/28/12
10,4 (125),"""Jack and Jill""",Katy Brand,David Mitchell,10/5/12
10,4 (125),"""Jack and Jill""",David Mitchell,David Mitchell,10/5/12
10,4 (125),"""Jack and Jill""",Sue Perkins,David Mitchell,10/5/12
10,5 (126),"""J-Places""",Bill Bailey,Susan Calman,10/12/12
10,5 (126),"""J-Places""",Susan Calman,Susan Calman,10/12/12
10,5 (126),"""J-Places""",Sandi Toksvig,Susan Calman,10/12/12
10,6 (127),"""Joints""",Jimmy Carr,Cal Wilson,10/19/12
10,6 (127),"""Joints""",Jack Whitehall,Cal Wilson,10/19/12
10,6 (127),"""Joints""",Cal Wilson,Cal Wilson,10/19/12
10,7 (128),"""Journalism""",Shappi Khorsandi,Ross Noble,10/26/12
10,7 (128),"""Journalism""",Ross Noble,Ross Noble,10/26/12
10,7 (128),"""Journalism""",Johnny Vegas,Ross Noble,10/26/12
10,8 (129),"""Jumble""",Jo Brand,Stephen Fry,11/2/12
10,8 (129),"""Jumble""",Dara Ó Briain,Stephen Fry,11/2/12
10,8 (129),"""Jumble""",John Sessions,Stephen Fry,11/2/12
10,9 (130),"""Jeopardy""",Ross Noble,Sue Perkins,11/9/12
10,9 (130),"""Jeopardy""",Sue Perkins,Sue Perkins,11/9/12
10,9 (130),"""Jeopardy""",Julia Zemiro,Sue Perkins,11/9/12
10,10 (131),"""Jungles""",Reginald D. Hunter,Reginald D. Hunter,11/23/12
10,10 (131),"""Jungles""",David O'Doherty,Reginald D. Hunter,11/23/12
10,10 (131),"""Jungles""",Greg Proops,Reginald D. Hunter,11/23/12
10,11 (132),"""Jumpers""",Bill Bailey,Bill Bailey,11/30/12
10,11 (132),"""Jumpers""",Julian Clary,Bill Bailey,11/30/12
10,11 (132),"""Jumpers""",Ross Noble,Bill Bailey,11/30/12
10,12 (133),"""Justice""",Prof. Brian Cox,Alan Davies,12/7/12
10,12 (133),"""Justice""",Rhys Darby,Alan Davies,12/7/12
10,12 (133),"""Justice""",Jason Manford,Alan Davies,12/7/12
10,13 (134),"""Jobs""",The Rev. Richard Coles,The Rev. Richard Coles,12/14/12
10,13 (134),"""Jobs""",Sarah Millican,The Rev. Richard Coles,12/14/12
10,13 (134),"""Jobs""",David Mitchell,The Rev. Richard Coles,12/14/12
10,14 (135),"""Jingle Bells""(Christmas Special)",Danny Baker,Danny Baker,12/21/12
10,14 (135),"""Jingle Bells""(Christmas Special)",Phill Jupitus,Danny Baker,12/21/12
10,14 (135),"""Jingle Bells""(Christmas Special)",Sarah Millican,Danny Baker,12/21/12
10,17 (136),"""Jolly""",Rob Brydon,Alan Davies,1/11/13
10,17 (136),"""Jolly""",Tim Vine,Alan Davies,1/11/13
10,17 (136),"""Jolly""",Julia Zemiro,Alan Davies,1/11/13
10,18 (137),"""Just the Job""",Jeremy Clarkson,Sandi Toksvig,8/25/13
10,18 (137),"""Just the Job""",Jason Manford,Sandi Toksvig,8/25/13
10,18 (137),"""Just the Job""",Sandi Toksvig,Sandi Toksvig,8/25/13
11,1 (138),"""Knees and Knockers""",David Mitchell,Sara Pascoe,9/6/13
11,1 (138),"""Knees and Knockers""",Sara Pascoe,Sara Pascoe,9/6/13
11,1 (138),"""Knees and Knockers""",Jack Whitehall,Sara Pascoe,9/6/13
11,2 (139),"""Kit and Kaboodle""",Noel Fielding,Ross Noble,9/13/13
11,2 (139),"""Kit and Kaboodle""",Colin Lane,Ross Noble,9/13/13
11,2 (139),"""Kit and Kaboodle""",Ross Noble,Ross Noble,9/13/13
11,3 (140),"""K-Folk""",Phill Jupitus,Alan Davies,9/20/13
11,3 (140),"""K-Folk""",Katherine Ryan,Alan Davies,9/20/13
11,3 (140),"""K-Folk""",Josh Widdicombe,Alan Davies,9/20/13
11,4 (141),"""Knits and Knots""",David Mitchell,David Mitchell,9/27/13
11,4 (141),"""Knits and Knots""",Ross Noble,David Mitchell,9/27/13
11,4 (141),"""Knits and Knots""",Sue Perkins,David Mitchell,9/27/13
11,5 (142),"""Kings""",Bill Bailey,The Audience,10/4/13
11,5 (142),"""Kings""",Jimmy Carr,The Audience,10/4/13
11,5 (142),"""Kings""",Jeremy Clarkson,The Audience,10/4/13
11,6 (143),"""Killers""",Jason Manford,Sandi Toksvig,10/11/13
11,6 (143),"""Killers""",Trevor Noah,Sandi Toksvig,10/11/13
11,6 (143),"""Killers""",Sandi Toksvig,Sandi Toksvig,10/11/13
11,7 (144),"""Knowledge""",Jo Brand,Alan Davies,10/18/13
11,7 (144),"""Knowledge""",Jimmy Carr,Alan Davies,10/18/13
11,7 (144),"""Knowledge""",Graham Linehan,Alan Davies,10/18/13
11,8 (145),"""Keys""",Bill Bailey,Bill Bailey,10/25/13
11,8 (145),"""Keys""",Tim Minchin,Bill Bailey,10/25/13
11,8 (145),"""Keys""",Isy Suttie,Bill Bailey,10/25/13
11,9 (146),"""Kinetic""",Danny Baker,Danny Baker,11/1/13
11,9 (146),"""Kinetic""",Jo Brand,Danny Baker,11/1/13
11,9 (146),"""Kinetic""",Marcus Brigstocke,Danny Baker,11/1/13
11,10 (147),"""Keeps""",Bill Bailey,Bill Bailey,11/8/13
11,10 (147),"""Keeps""",Jason Manford,Bill Bailey,11/8/13
11,10 (147),"""Keeps""",Sarah Millican,Bill Bailey,11/8/13
11,11 (148),"""Kinky""",Janet Street-Porter,Sandi Toksvig,11/29/13
11,11 (148),"""Kinky""",Sandi Toksvig,Sandi Toksvig,11/29/13
11,11 (148),"""Kinky""",Johnny Vegas,Sandi Toksvig,11/29/13
11,12 (149),"""Knights and Knaves""",The Rev. Richard Coles,The Rev. Richard Coles and Victoria Coren Mitchell,12/6/13
11,12 (149),"""Knights and Knaves""",Victoria Coren Mitchell,The Rev. Richard Coles and Victoria Coren Mitchell,12/6/13
11,12 (149),"""Knights and Knaves""",Sue Perkins,The Rev. Richard Coles and Victoria Coren Mitchell,12/6/13
11,13 (150),"""Kitchen Sink""",Jason Manford,Alan Davies,12/13/13
11,13 (150),"""Kitchen Sink""",Richard Osman,Alan Davies,12/13/13
11,13 (150),"""Kitchen Sink""",Victoria Wood,Alan Davies,12/13/13
11,14 (151),"""Kris Kringle""(Christmas Special)",Jo Brand,Phill Jupitus,12/13/13
11,14 (151),"""Kris Kringle""(Christmas Special)",Phill Jupitus,Phill Jupitus,12/29/13
11,14 (151),"""Kris Kringle""(Christmas Special)",Brendan O'Carroll,Phill Jupitus,12/29/13
11,15 (152),"""Kitsch""",Jimmy Carr,Jimmy Carr,1/10/14
11,15 (152),"""Kitsch""",Reginald D. Hunter,Jimmy Carr,1/10/14
11,15 (152),"""Kitsch""",Sue Perkins,Jimmy Carr,1/10/14
11,16 (153),"""Kaleidoscope""",Susan Calman,Sandi Toksvig,1/17/14
11,16 (153),"""Kaleidoscope""",Liza Tarbuck,Sandi Toksvig,1/17/14
11,16 (153),"""Kaleidoscope""",Sandi Toksvig,Sandi Toksvig,1/17/14
12,1 (154),"""L-Animals""",Colin Lane,Ross Noble,10/3/14
12,1 (154),"""L-Animals""",Sarah Millican,Ross Noble,10/3/14
12,1 (154),"""L-Animals""",Ross Noble,Ross Noble,10/3/14
12,2 (155),"""Location, Location, Location""",Aisling Bea,Jason Manford,10/10/14
12,2 (155),"""Location, Location, Location""",Jason Manford,Jason Manford,10/10/14
12,2 (155),"""Location, Location, Location""",Johnny Vegas,Jason Manford,10/10/14
12,3 (156),"""Literature""",Victoria Coren Mitchell,Victoria Coren Mitchell,10/17/14
12,3 (156),"""Literature""",Lloyd Langford,Victoria Coren Mitchell,10/17/14
12,3 (156),"""Literature""",Jack Whitehall,Victoria Coren Mitchell,10/17/14
12,4 (157),"""Levity""",Sue Perkins,Alan Davies,10/24/14
12,4 (157),"""Levity""",Frank Skinner,Alan Davies,10/24/14
12,4 (157),"""Levity""",Josh Widdicombe,Alan Davies,10/24/14
12,5 (158),"""Lenses""",Jo Brand,Phill Jupitus,10/31/14
12,5 (158),"""Lenses""",Phill Jupitus,Phill Jupitus,10/31/14
12,5 (158),"""Lenses""",Josh Widdicombe,Phill Jupitus,10/31/14
12,6 (159),"""Liblabble""",Bill Bailey,Alan Davies,11/7/14
12,6 (159),"""Liblabble""",The Rev. Richard Coles,Alan Davies,11/7/14
12,6 (159),"""Liblabble""",Sara Pascoe,Alan Davies,11/7/14
12,7 (160),"""Lethal""",Bill Bailey,Sandi Toksvig,11/21/14
12,7 (160),"""Lethal""",Jason Manford,Sandi Toksvig,11/21/14
12,7 (160),"""Lethal""",Sandi Toksvig,Sandi Toksvig,11/21/14
12,8 (161),"""Lovely""",Aisling Bea,Tony Hawks,11/28/14
12,8 (161),"""Lovely""",Tony Hawks,Tony Hawks,11/28/14
12,8 (161),"""Lovely""",Josh Widdicombe,Tony Hawks,11/28/14
12,9 (162),"""Ladies and Gents""",Kathy Lette,Ross Noble,12/5/14
12,9 (162),"""Ladies and Gents""",Ross Noble,Ross Noble,12/5/14
12,9 (162),"""Ladies and Gents""",Sue Perkins,Ross Noble,12/5/14
12,10 (163),"""Lying""",Adam Hills,Adam Hills,12/12/14
12,10 (163),"""Lying""",Sara Pascoe,Adam Hills,12/12/14
12,10 (163),"""Lying""",Jack Whitehall,Adam Hills,12/12/14
12,11 (164),"""Lumped Together""",Ronni Ancona,Alan Davies,12/19/14
12,11 (164),"""Lumped Together""",Jimmy Carr,Alan Davies,12/19/14
12,11 (164),"""Lumped Together""",David Mitchell,Alan Davies,12/19/14
12,12 (165),"""No-L""(Christmas Special)",Bill Bailey,Jimmy Carr,12/25/14
12,12 (165),"""No-L""(Christmas Special)",Jimmy Carr,Jimmy Carr,12/25/14
12,12 (165),"""No-L""(Christmas Special)",Carrie Fisher,Jimmy Carr,12/25/14
12,13 (166),"""Lucky Losers""",Danny Baker,Danny Baker,1/2/15
12,13 (166),"""Lucky Losers""",Jeremy Clarkson,Danny Baker,1/2/15
12,13 (166),"""Lucky Losers""",Sandi Toksvig,Danny Baker,1/2/15
12,14 (167),"""Little and Large""",Phill Jupitus,Lucy Porter,1/9/15
12,14 (167),"""Little and Large""",Richard Osman,Lucy Porter,1/9/15
12,14 (167),"""Little and Large""",Lucy Porter,Lucy Porter,1/9/15
12,15 (168),"""Long Lost""",Jimmy Carr,Claudia O'Doherty,1/16/15
12,15 (168),"""Long Lost""",Claudia O'Doherty,Claudia O'Doherty,1/16/15
12,15 (168),"""Long Lost""",Suggs,Claudia O'Doherty,1/16/15
12,16 (169),"""Landmarks""",Jo Brand,Colin Lane,1/23/15
12,16 (169),"""Landmarks""",Colin Lane,Colin Lane,1/23/15
12,16 (169),"""Landmarks""",David Mitchell,Colin Lane,1/23/15